source,native,name,p_value,significant,description,term_size,query_size,intersection_size,effective_domain_size,precision,recall,query,parents,intersections,evidences,Cancer
CORUM,CORUM:1544,PPP2CA-PPP2R1A-PPP2R3A complex,0.00943891932968227,True,PPP2CA-PPP2R1A-PPP2R3A complex,3,523,3,9916,0.0057361376673040155,1.0,query_1,['CORUM:0000000'],"['PPP2R1A', 'PPP2R3A', 'PPP2CA']","[['CORUM'], ['CORUM'], ['CORUM']]",CCRCC
CORUM,CORUM:3060,"RNA polymerase II complex (RPB1, RAP74, CDK8, CYCC, SRB7, BAF190, BAF47), chromatin structure modifying",0.01722414695710768,True,"RNA polymerase II complex (RPB1, RAP74, CDK8, CYCC, SRB7, BAF190, BAF47), chromatin structure modifying",6,2517,6,9916,0.0023837902264600714,1.0,query_1,['CORUM:0000000'],"['CDK8', 'SMARCB1', 'GTF2F1', 'SMARCA2', 'MED21', 'CCNC']","[['CORUM'], ['CORUM'], ['CORUM'], ['CORUM'], ['CORUM'], ['CORUM']]",CCRCC
CORUM,CORUM:6816,ULK1-ATG13-ATG14-PIK3C3 complex,0.020421114122981265,True,ULK1-ATG13-ATG14-PIK3C3 complex,3,431,3,9916,0.0069605568445475635,1.0,query_1,['CORUM:0000000'],"['ULK1', 'ATG14', 'PIK3C3']","[['CORUM'], ['CORUM'], ['CORUM']]",CCRCC
CORUM,CORUM:1307,Multiprotein complex (mRNA turnover),0.043332812209966716,True,Multiprotein complex (mRNA turnover),4,1093,4,9916,0.0036596523330283625,1.0,query_1,['CORUM:0000000'],"['HNRNPD', 'PAIP1', 'SYNCRIP', 'PABPC1']","[['CORUM'], ['CORUM'], ['CORUM'], ['CORUM']]",CCRCC
CORUM,CORUM:1308,PABPC1-HSPA8-HNRPD-EIF4G1 complex,0.04338045078464683,True,PABPC1-HSPA8-HNRPD-EIF4G1 complex,4,1597,4,9916,0.002504696305572949,1.0,query_1,['CORUM:0000000'],"['EIF4G1', 'HNRNPD', 'PABPC1', 'HSPA8']","[['CORUM'], ['CORUM'], ['CORUM'], ['CORUM']]",CCRCC
CORUM,CORUM:306,"Ribosome, cytoplasmic",0.0011036054885910473,True,"Ribosome, cytoplasmic",77,345,12,9211,0.034782608695652174,0.15584415584415584,query_1,['CORUM:0000000'],"['RPL7', 'RPL15', 'RPS23', 'RPS12', 'RPL19', 'RPL12', 'RPL22', 'RPS18', 'RPL27', 'RPL35', 'RPL9', 'RPS10']","[['CORUM'], ['CORUM'], ['CORUM'], ['CORUM'], ['CORUM'], ['CORUM'], ['CORUM'], ['CORUM'], ['CORUM'], ['CORUM'], ['CORUM'], ['CORUM']]",Endometrial
GO:CC,GO:0005840,ribosome,0.0011647117274344624,True,"""An intracellular organelle, about 200 A in diameter, consisting of RNA and protein. It is the site of protein biosynthesis resulting from translation of messenger RNA (mRNA). It consists of two subunits, one large and one small, each containing only protein and RNA. Both the ribosome and its subunits are characterized by their sedimentation coefficients, expressed in Svedberg units (symbol: S). Hence, the prokaryotic ribosome (70S) comprises a large (50S) subunit and a small (30S) subunit, while the eukaryotic ribosome (80S) comprises a large (60S) subunit and a small (40S) subunit. Two sites on the ribosomal large subunit are involved in translation, namely the aminoacyl site (A site) and peptidyl site (P site). Ribosomes from prokaryotes, eukaryotes, mitochondria, and chloroplasts have characteristically distinct ribosomal proteins."" [ISBN:0198506732]",198,713,41,9211,0.05750350631136045,0.20707070707070707,query_1,['GO:0043232'],"['RPL7', 'RPL15', 'RPS23', 'MRPL38', 'MRPL24', 'RPS12', 'RPL19', 'RPL12', 'MRPL48', 'DAP3', 'RPL22', 'MRPS7', 'RPS18', 'DDX3X', 'NUFIP2', 'RPL27', 'MTG1', 'RPL35', 'LARP4', 'MRPL21', 'MRPS15', 'MRPL57', 'RPL9', 'RPS10', 'RPL23', 'MRPS12', 'MRPS17', 'MRPL22', 'MRPS36', 'RPL13', 'MRPL20', 'MRPS28', 'RPL36A', 'FMR1', 'RPL26L1', 'EIF3H', 'FXR2', 'MRPS35', 'RPL32', 'EIF2AK2', 'MRPL4']","[['IDA', 'HDA', 'IBA', 'TAS'], ['IDA', 'HDA', 'IBA', 'TAS'], ['IDA', 'HDA', 'IBA', 'NAS'], ['IDA', 'IBA'], ['IDA'], ['IDA', 'HDA', 'IBA', 'NAS'], ['IDA', 'HDA', 'IBA', 'TAS'], ['IDA', 'HDA', 'IBA'], ['IDA', 'IBA'], ['ISS', 'IBA'], ['IDA', 'HDA', 'TAS'], ['IDA', 'ISS', 'IBA'], ['IDA', 'HDA', 'IBA', 'NAS'], ['IDA'], ['IDA', 'IBA'], ['IDA', 'HDA', 'IBA', 'TAS'], ['IDA'], ['IDA', 'HDA', 'IBA', 'TAS'], ['IDA'], ['IDA', 'IBA'], ['IDA'], ['IDA', 'ISS', 'IBA'], ['IDA', 'HDA', 'IBA', 'TAS'], ['IDA', 'HDA', 'IBA', 'NAS'], ['IDA', 'HDA', 'IBA', 'NAS'], ['IDA', 'ISS', 'IBA', 'TAS'], ['IDA', 'HDA', 'IBA', 'NAS'], ['IDA', 'IBA'], ['IDA'], ['IDA', 'HDA', 'IBA', 'TAS'], ['IDA'], ['IBA', 'TAS'], ['IDA', 'HDA', 'IBA', 'NAS'], ['TAS'], ['IBA'], ['IBA'], ['TAS'], ['ISS', 'IBA', 'NAS'], ['IDA', 'HDA', 'IBA'], ['TAS'], ['IDA']]",Endometrial
CORUM,CORUM:320,"55S ribosome, mitochondrial",0.0014460512255120121,True,"55S ribosome, mitochondrial",78,4688,57,9211,0.012158703071672355,0.7307692307692307,query_1,['CORUM:0000000'],"['MRPL38', 'MRPL24', 'MRPL48', 'DAP3', 'MRPS7', 'MRPL21', 'MRPS15', 'MRPS12', 'MRPS17', 'MRPL22', 'MRPS36', 'MRPL20', 'MRPS28', 'MRPS35', 'MRPL4', 'MRPL37', 'MRPL2', 'MRPL15', 'MRPS18A', 'MRPS31', 'MRPL12', 'MRPL39', 'MRPL53', 'MRPS25', 'MRPL52', 'MRPL28', 'MRPL55', 'MRPL19', 'MRPL17', 'MRPL10', 'MRPL30', 'MRPS5', 'MRPL49', 'MRPS10', 'MRPS21', 'MRPL43', 'MRPL40', 'MRPL51', 'MRPL16', 'MRPL42', 'MRPS11', 'MRPL18', 'MRPL44', 'MRPL41', 'MRPS14', 'MRPS9', 'MRPL35', 'MRPS24', 'MRPS26', 'MRPS33', 'MRPL36', 'MRPS6', 'MRPL50', 'MRPL1', 'MRPL46', 'MRPS34', 'MRPL3']","[['CORUM'], ['CORUM'], ['CORUM'], ['CORUM'], ['CORUM'], ['CORUM'], ['CORUM'], ['CORUM'], ['CORUM'], ['CORUM'], ['CORUM'], ['CORUM'], ['CORUM'], ['CORUM'], ['CORUM'], ['CORUM'], ['CORUM'], ['CORUM'], ['CORUM'], ['CORUM'], ['CORUM'], ['CORUM'], ['CORUM'], ['CORUM'], ['CORUM'], ['CORUM'], ['CORUM'], ['CORUM'], ['CORUM'], ['CORUM'], ['CORUM'], ['CORUM'], ['CORUM'], ['CORUM'], ['CORUM'], ['CORUM'], ['CORUM'], ['CORUM'], ['CORUM'], ['CORUM'], ['CORUM'], ['CORUM'], ['CORUM'], ['CORUM'], ['CORUM'], ['CORUM'], ['CORUM'], ['CORUM'], ['CORUM'], ['CORUM'], ['CORUM'], ['CORUM'], ['CORUM'], ['CORUM'], ['CORUM'], ['CORUM'], ['CORUM']]",Endometrial
CORUM,CORUM:308,"60S ribosomal subunit, cytoplasmic",0.0014564625135772757,True,"60S ribosomal subunit, cytoplasmic",45,526,11,9211,0.02091254752851711,0.24444444444444444,query_1,['CORUM:0000000'],"['RPL7', 'RPL15', 'RPL19', 'RPL12', 'RPL22', 'RPL27', 'RPL35', 'RPL9', 'RPL23', 'RPL13', 'RPL36A']","[['CORUM'], ['CORUM'], ['CORUM'], ['CORUM'], ['CORUM'], ['CORUM'], ['CORUM'], ['CORUM'], ['CORUM'], ['CORUM'], ['CORUM']]",Endometrial
KEGG,KEGG:03010,Ribosome,0.002161538281612469,True,Ribosome,125,526,23,9211,0.043726235741444866,0.184,query_1,['KEGG:00000'],"['RPL7', 'RPL15', 'RPS23', 'MRPL24', 'RPS12', 'RPL19', 'RPL12', 'RPL22', 'MRPS7', 'RPS18', 'RPL27', 'RPL35', 'MRPL21', 'MRPS15', 'RPL9', 'RPS10', 'RPL23', 'MRPS12', 'MRPS17', 'MRPL22', 'RPL13', 'MRPL20', 'RPL36A']","[['KEGG'], ['KEGG'], ['KEGG'], ['KEGG'], ['KEGG'], ['KEGG'], ['KEGG'], ['KEGG'], ['KEGG'], ['KEGG'], ['KEGG'], ['KEGG'], ['KEGG'], ['KEGG'], ['KEGG'], ['KEGG'], ['KEGG'], ['KEGG'], ['KEGG'], ['KEGG'], ['KEGG'], ['KEGG'], ['KEGG']]",Endometrial
GO:CC,GO:0044391,ribosomal subunit,0.002192013522089062,True,"""Either of the two subunits of a ribosome: the ribosomal large subunit or the ribosomal small subunit."" [GOC:jl]",175,526,31,9211,0.058935361216730035,0.17714285714285713,query_1,"['GO:0005840', 'GO:1990904']","['RPL7', 'RPL15', 'RPS23', 'MRPL38', 'MRPL24', 'RPS12', 'RPL19', 'RPL12', 'MRPL48', 'DAP3', 'RPL22', 'MRPS7', 'RPS18', 'DDX3X', 'RPL27', 'RPL35', 'LARP4', 'MRPL21', 'MRPS15', 'MRPL57', 'RPL9', 'RPS10', 'RPL23', 'MRPS12', 'MRPS17', 'MRPL22', 'MRPS36', 'RPL13', 'MRPL20', 'MRPS28', 'RPL36A']","[['HDA', 'IBA', 'TAS'], ['HDA', 'IBA'], ['IDA', 'HDA', 'IBA'], ['IDA', 'IBA'], ['IDA'], ['IDA', 'HDA', 'IBA', 'NAS'], ['IDA', 'HDA', 'IBA', 'TAS'], ['HDA', 'IBA'], ['IDA'], ['ISS', 'IBA'], ['HDA', 'TAS'], ['IDA', 'ISS', 'IBA'], ['IDA', 'HDA', 'IBA'], ['IDA'], ['HDA', 'IBA'], ['HDA', 'IBA', 'TAS'], ['IDA'], ['IDA', 'IBA'], ['IDA'], ['IDA'], ['HDA', 'IBA'], ['IDA', 'HDA', 'IBA'], ['HDA', 'IBA'], ['IDA', 'ISS'], ['IDA', 'HDA', 'IBA', 'NAS'], ['IDA', 'IBA'], ['IDA'], ['HDA', 'IBA'], ['IDA'], ['IBA', 'TAS'], ['IDA', 'HDA', 'IBA']]",Endometrial
CORUM,CORUM:61,Mi2/NuRD complex,0.005928670860397738,True,Mi2/NuRD complex,7,952,5,9211,0.005252100840336135,0.7142857142857143,query_1,['CORUM:0000000'],"['MBD3', 'CHD4', 'HDAC2', 'MTA2', 'RBBP7']","[['CORUM'], ['CORUM'], ['CORUM'], ['CORUM'], ['CORUM']]",Endometrial
CORUM,CORUM:650,HDAC2-asscociated core complex,0.006618845998023953,True,HDAC2-asscociated core complex,7,974,5,9211,0.00513347022587269,0.7142857142857143,query_1,['CORUM:0000000'],"['MBD3', 'HDAC2', 'MTA2', 'RBBP7', 'CHD3']","[['CORUM'], ['CORUM'], ['CORUM'], ['CORUM'], ['CORUM']]",Endometrial
CORUM,CORUM:5199,Kinase maturation complex 1,0.008492128484218873,True,Kinase maturation complex 1,16,3939,14,9211,0.003554201574003554,0.875,query_1,['CORUM:0000000'],"['PDRG1', 'MARK2', 'YWHAH', 'MAP2K5', 'YWHAG', 'HSP90AB1', 'HSPA4', 'YWHAZ', 'MAP3K3', 'CDC37', 'YWHAE', 'HSP90AA1', 'YWHAB', 'YWHAQ']","[['CORUM'], ['CORUM'], ['CORUM'], ['CORUM'], ['CORUM'], ['CORUM'], ['CORUM'], ['CORUM'], ['CORUM'], ['CORUM'], ['CORUM'], ['CORUM'], ['CORUM'], ['CORUM']]",Endometrial
CORUM,CORUM:3055,Nop56p-associated pre-rRNA complex,0.008543080957335162,True,Nop56p-associated pre-rRNA complex,99,191,9,9211,0.04712041884816754,0.09090909090909091,query_1,['CORUM:0000000'],"['RPL7', 'RPL15', 'NAP1L1', 'RPS23', 'RPS12', 'RPL19', 'RPL12', 'RPL22', 'RPS18']","[['CORUM'], ['CORUM'], ['CORUM'], ['CORUM'], ['CORUM'], ['CORUM'], ['CORUM'], ['CORUM'], ['CORUM']]",Endometrial
CORUM,CORUM:6859,HRD1 complex,0.008934484831137995,True,HRD1 complex,13,3959,12,9211,0.0030310684516291994,0.9230769230769231,query_1,['CORUM:0000000'],"['BSG', 'ERLIN2', 'DERL2', 'OS9', 'AUP1', 'FAM8A1', 'HSPA5', 'SEL1L', 'FAF2', 'SYVN1', 'ERLEC1', 'HSP90B1']","[['CORUM'], ['CORUM'], ['CORUM'], ['CORUM'], ['CORUM'], ['CORUM'], ['CORUM'], ['CORUM'], ['CORUM'], ['CORUM'], ['CORUM'], ['CORUM']]",Endometrial
CORUM,CORUM:5380,"TRBP containing complex (DICER, RPL7A, EIF6, MOV10 and subunits of the 60S ribosomal particle)",0.009189471716845064,True,"TRBP containing complex (DICER, RPL7A, EIF6, MOV10 and subunits of the 60S ribosomal particle)",25,124,4,9211,0.03225806451612903,0.16,query_1,['CORUM:0000000'],"['RPL7', 'RPL15', 'RPL19', 'RPL12']","[['CORUM'], ['CORUM'], ['CORUM'], ['CORUM']]",Endometrial
CORUM,CORUM:62,MeCP1 complex,0.01446160674758382,True,MeCP1 complex,8,952,5,9211,0.005252100840336135,0.625,query_1,['CORUM:0000000'],"['MBD3', 'CHD4', 'HDAC2', 'MTA2', 'RBBP7']","[['CORUM'], ['CORUM'], ['CORUM'], ['CORUM'], ['CORUM']]",Endometrial
CORUM,CORUM:888,MTA2 complex,0.01446160674758382,True,MTA2 complex,8,952,5,9211,0.005252100840336135,0.625,query_1,['CORUM:0000000'],"['MBD3', 'CHD4', 'HDAC2', 'MTA2', 'RBBP7']","[['CORUM'], ['CORUM'], ['CORUM'], ['CORUM'], ['CORUM']]",Endometrial
CORUM,CORUM:587,NuRD.1 complex,0.01446160674758382,True,NuRD.1 complex,8,952,5,9211,0.005252100840336135,0.625,query_1,['CORUM:0000000'],"['MBD3', 'CHD4', 'MTA3', 'HDAC2', 'RBBP7']","[['CORUM'], ['CORUM'], ['CORUM'], ['CORUM'], ['CORUM']]",Endometrial
CORUM,CORUM:7225,CDH4-HDAC2-MTA2-RBBP7-TWIST1 complex,0.015046088022979609,True,CDH4-HDAC2-MTA2-RBBP7-TWIST1 complex,4,952,4,9211,0.004201680672268907,1.0,query_1,['CORUM:0000000'],"['CHD4', 'HDAC2', 'MTA2', 'RBBP7']","[['CORUM'], ['CORUM'], ['CORUM'], ['CORUM']]",Endometrial
CORUM,CORUM:585,Mi2/NuRD-BCL6-MTA3 complex,0.015102121850039804,True,Mi2/NuRD-BCL6-MTA3 complex,5,352,3,9211,0.008522727272727272,0.6,query_1,['CORUM:0000000'],"['MBD3', 'CHD4', 'MTA3']","[['CORUM'], ['CORUM'], ['CORUM']]",Endometrial
REAC,REAC:R-HSA-72766,Translation,0.01875686283012647,True,Translation,268,540,40,9211,0.07407407407407407,0.14925373134328357,query_1,['REAC:R-HSA-392499'],"['RPL7', 'RPL15', 'RPS23', 'MRPL38', 'FARSA', 'MRPL24', 'RPS12', 'RPL19', 'RPL12', 'MRPL48', 'EIF5', 'DAP3', 'RPL22', 'MRPS7', 'EIF3G', 'RPS18', 'GFM2', 'RPL27', 'RPL35', 'MRPL21', 'MRPS15', 'MRPL57', 'RPL9', 'RPS10', 'EIF3J', 'RPL23', 'MRPS12', 'MRPS17', 'MRPL22', 'EARS2', 'SRPRA', 'MRPS36', 'RPL13', 'EEF1D', 'MRPL20', 'MRPS28', 'RPL36A', 'GFM1', 'EIF2B2', 'EIF4E']","[['REAC'], ['REAC'], ['REAC'], ['REAC'], ['REAC'], ['REAC'], ['REAC'], ['REAC'], ['REAC'], ['REAC'], ['REAC'], ['REAC'], ['REAC'], ['REAC'], ['REAC'], ['REAC'], ['REAC'], ['REAC'], ['REAC'], ['REAC'], ['REAC'], ['REAC'], ['REAC'], ['REAC'], ['REAC'], ['REAC'], ['REAC'], ['REAC'], ['REAC'], ['REAC'], ['REAC'], ['REAC'], ['REAC'], ['REAC'], ['REAC'], ['REAC'], ['REAC'], ['REAC'], ['REAC'], ['REAC']]",Endometrial
WP,WP:WP477,Cytoplasmic Ribosomal Proteins,0.01884935985692246,True,Cytoplasmic Ribosomal Proteins,83,345,12,9211,0.034782608695652174,0.14457831325301204,query_1,['WP:000000'],"['RPL7', 'RPL15', 'RPS23', 'RPS12', 'RPL19', 'RPL12', 'RPL22', 'RPS18', 'RPL27', 'RPL35', 'RPL9', 'RPS10']","[['WP'], ['WP'], ['WP'], ['WP'], ['WP'], ['WP'], ['WP'], ['WP'], ['WP'], ['WP'], ['WP'], ['WP']]",Endometrial
CORUM,CORUM:6416,dysbindin-Snapin-BLOS2 complex,0.019298874710311057,True,dysbindin-Snapin-BLOS2 complex,3,806,3,9211,0.0037220843672456576,1.0,query_1,['CORUM:0000000'],"['BLOC1S2', 'DTNBP1', 'SNAPIN']","[['CORUM'], ['CORUM'], ['CORUM']]",Endometrial
CORUM,CORUM:5197,PTIP-DNA damage response complex,0.023240151198612738,True,PTIP-DNA damage response complex,6,325,3,9211,0.009230769230769232,0.5,query_1,['CORUM:0000000'],"['PAXIP1', 'MRE11', 'RAD50']","[['CORUM'], ['CORUM'], ['CORUM']]",Endometrial
CORUM,CORUM:1332,Large Drosha complex,0.02614956169775088,True,Large Drosha complex,20,207,4,9211,0.01932367149758454,0.2,query_1,['CORUM:0000000'],"['HNRNPUL1', 'DROSHA', 'DDX3X', 'TAF15']","[['CORUM'], ['CORUM'], ['CORUM'], ['CORUM']]",Endometrial
CORUM,CORUM:315,"28S ribosomal subunit, mitochondrial",0.029604718399635584,True,"28S ribosomal subunit, mitochondrial",30,668,8,9211,0.011976047904191617,0.26666666666666666,query_1,['CORUM:0000000'],"['DAP3', 'MRPS7', 'MRPS15', 'MRPS12', 'MRPS17', 'MRPS36', 'MRPS28', 'MRPS35']","[['CORUM'], ['CORUM'], ['CORUM'], ['CORUM'], ['CORUM'], ['CORUM'], ['CORUM'], ['CORUM']]",Endometrial
CORUM,CORUM:659,MeCP1 complex,0.029771379361863543,True,MeCP1 complex,9,952,5,9211,0.005252100840336135,0.5555555555555556,query_1,['CORUM:0000000'],"['MBD3', 'CHD4', 'HDAC2', 'MTA2', 'RBBP7']","[['CORUM'], ['CORUM'], ['CORUM'], ['CORUM'], ['CORUM']]",Endometrial
CORUM,CORUM:685,MeCP1 complex,0.029771379361863543,True,MeCP1 complex,9,952,5,9211,0.005252100840336135,0.5555555555555556,query_1,['CORUM:0000000'],"['MBD3', 'CHD4', 'HDAC2', 'MTA2', 'RBBP7']","[['CORUM'], ['CORUM'], ['CORUM'], ['CORUM'], ['CORUM']]",Endometrial
CORUM,CORUM:264,R/M complex (RAD50-MRE11 complex),0.03587450025415803,True,R/M complex (RAD50-MRE11 complex),2,325,2,9211,0.006153846153846154,1.0,query_1,['CORUM:0000000'],"['MRE11', 'RAD50']","[['CORUM'], ['CORUM']]",Endometrial
CORUM,CORUM:263,R/M complex (RAD50-MRE11 complex),0.03587450025415803,True,R/M complex (RAD50-MRE11 complex),2,325,2,9211,0.006153846153846154,1.0,query_1,['CORUM:0000000'],"['MRE11', 'RAD50']","[['CORUM'], ['CORUM']]",Endometrial
CORUM,CORUM:72,R/M complex (RAD50-MRE11 complex),0.03587450025415803,True,R/M complex (RAD50-MRE11 complex),2,325,2,9211,0.006153846153846154,1.0,query_1,['CORUM:0000000'],"['MRE11', 'RAD50']","[['CORUM'], ['CORUM']]",Endometrial
GO:MF,GO:0003735,structural constituent of ribosome,0.03762372998408878,True,"""The action of a molecule that contributes to the structural integrity of the ribosome."" [GOC:mah]",141,526,25,9211,0.04752851711026616,0.1773049645390071,query_1,['GO:0005198'],"['RPL7', 'RPL15', 'RPS23', 'RPS12', 'RPL19', 'RPL12', 'DAP3', 'RPL22', 'MRPS7', 'RPS18', 'RPL27', 'RPL35', 'MRPL21', 'MRPS15', 'MRPL57', 'RPL9', 'RPS10', 'RPL23', 'MRPS12', 'MRPS17', 'MRPL22', 'MRPS36', 'RPL13', 'MRPL20', 'RPL36A']","[['IDA', 'IMP', 'IBA', 'TAS', 'NAS'], ['IDA', 'IBA', 'TAS', 'NAS'], ['IDA', 'IMP', 'HDA', 'IBA'], ['IDA', 'HDA', 'IBA'], ['IDA', 'IBA', 'TAS', 'NAS'], ['IDA', 'IBA', 'NAS'], ['IBA'], ['IDA', 'IBA', 'TAS', 'NAS'], ['ISS', 'IBA'], ['IDA', 'HDA'], ['IDA', 'IBA', 'TAS', 'NAS'], ['IDA', 'TAS', 'NAS'], ['IBA'], ['ISS', 'NAS'], ['ISS', 'IBA'], ['IDA', 'IBA', 'TAS', 'NAS'], ['IDA', 'HDA', 'IBA'], ['IDA', 'IBA', 'NAS'], ['ISS', 'IBA', 'TAS'], ['HDA', 'NAS'], ['IBA'], ['NAS'], ['IDA', 'IMP', 'IBA', 'TAS', 'NAS'], ['IBA'], ['IDA', 'NAS', 'IC']]",Endometrial
CORUM,CORUM:5269,TNF-alpha/NF-kappa B signaling complex 8,0.04003475486784973,True,TNF-alpha/NF-kappa B signaling complex 8,6,3077,6,9211,0.0019499512512187196,1.0,query_1,['CORUM:0000000'],"['HSP90AB1', 'KTN1', 'IKBKE', 'FKBP5', 'CDC37', 'HSP90AA1']","[['CORUM'], ['CORUM'], ['CORUM'], ['CORUM'], ['CORUM'], ['CORUM']]",Endometrial
CORUM,CORUM:654,BLOC1-BLOC2 complex,0.04322736042059103,True,BLOC1-BLOC2 complex,11,806,5,9211,0.00620347394540943,0.45454545454545453,query_1,['CORUM:0000000'],"['BLOC1S2', 'DTNBP1', 'HPS5', 'BLOC1S3', 'SNAPIN']","[['CORUM'], ['CORUM'], ['CORUM'], ['CORUM'], ['CORUM']]",Endometrial
CORUM,CORUM:324,"39S ribosomal subunit, mitochondrial",0.0441235398932792,True,"39S ribosomal subunit, mitochondrial",48,4688,35,9211,0.0074658703071672355,0.7291666666666666,query_1,['CORUM:0000000'],"['MRPL38', 'MRPL24', 'MRPL48', 'MRPL21', 'MRPL22', 'MRPL20', 'MRPL4', 'MRPL37', 'MRPL2', 'MRPL15', 'MRPL12', 'MRPL39', 'MRPL53', 'MRPL52', 'MRPL28', 'MRPL55', 'MRPL19', 'MRPL17', 'MRPL10', 'MRPL30', 'MRPL49', 'MRPL43', 'MRPL40', 'MRPL51', 'MRPL16', 'MRPL42', 'MRPL18', 'MRPL44', 'MRPL41', 'MRPL35', 'MRPL36', 'MRPL50', 'MRPL1', 'MRPL46', 'MRPL3']","[['CORUM'], ['CORUM'], ['CORUM'], ['CORUM'], ['CORUM'], ['CORUM'], ['CORUM'], ['CORUM'], ['CORUM'], ['CORUM'], ['CORUM'], ['CORUM'], ['CORUM'], ['CORUM'], ['CORUM'], ['CORUM'], ['CORUM'], ['CORUM'], ['CORUM'], ['CORUM'], ['CORUM'], ['CORUM'], ['CORUM'], ['CORUM'], ['CORUM'], ['CORUM'], ['CORUM'], ['CORUM'], ['CORUM'], ['CORUM'], ['CORUM'], ['CORUM'], ['CORUM'], ['CORUM'], ['CORUM']]",Endometrial
CORUM,CORUM:7394,CENP-H-I complex,0.0020279257959996268,True,CENP-H-I complex,8,184,4,10080,0.021739130434782608,0.5,query_1,['CORUM:0000000'],"['CENPO', 'CENPK', 'CENPI', 'CENPU']","[['CORUM'], ['CORUM'], ['CORUM'], ['CORUM']]",HNSCC
CORUM,CORUM:929,CEN complex,0.003129693269182547,True,CEN complex,31,184,6,10080,0.03260869565217391,0.1935483870967742,query_1,['CORUM:0000000'],"['CENPO', 'CENPK', 'CENPI', 'HSPA8', 'ZC3H13', 'CENPU']","[['CORUM'], ['CORUM'], ['CORUM'], ['CORUM'], ['CORUM'], ['CORUM']]",HNSCC
CORUM,CORUM:67,AP4 adaptor complex,0.006077004785192649,True,AP4 adaptor complex,4,294,3,10080,0.01020408163265306,0.75,query_1,['CORUM:0000000'],"['AP4M1', 'AP4B1', 'AP4S1']","[['CORUM'], ['CORUM'], ['CORUM']]",HNSCC
CORUM,CORUM:642,CtBP complex,0.01186399013147117,True,CtBP complex,17,3190,13,10080,0.0040752351097178684,0.7647058823529411,query_1,['CORUM:0000000'],"['LCOR', 'CBX4', 'ZNF516', 'EHMT2', 'ZEB2', 'RCOR3', 'CTBP1', 'CDYL', 'KDM1A', 'ZEB1', 'RREB1', 'ZNF217', 'HDAC2']","[['CORUM'], ['CORUM'], ['CORUM'], ['CORUM'], ['CORUM'], ['CORUM'], ['CORUM'], ['CORUM'], ['CORUM'], ['CORUM'], ['CORUM'], ['CORUM'], ['CORUM']]",HNSCC
CORUM,CORUM:803,BRG1-SIN3A-HDAC containing SWI/SNF remodeling complex I,0.02117848254702962,True,BRG1-SIN3A-HDAC containing SWI/SNF remodeling complex I,11,3714,10,10080,0.0026925148088314485,0.9090909090909091,query_1,['CORUM:0000000'],"['SIN3A', 'SMARCB1', 'SMARCC1', 'SMARCA4', 'PRMT5', 'ARID1A', 'ACTL6A', 'SMARCD1', 'HDAC2', 'SMARCE1']","[['CORUM'], ['CORUM'], ['CORUM'], ['CORUM'], ['CORUM'], ['CORUM'], ['CORUM'], ['CORUM'], ['CORUM'], ['CORUM']]",HNSCC
CORUM,CORUM:739,SIN3-ING1b complex II,0.02903738732426767,True,SIN3-ING1b complex II,16,3190,12,10080,0.003761755485893417,0.75,query_1,['CORUM:0000000'],"['RBBP7', 'SIN3A', 'SMARCB1', 'ARID4B', 'SMARCC1', 'SMARCA4', 'ARID1A', 'ACTL6A', 'SMARCD1', 'ING1', 'SAP18', 'HDAC2']","[['CORUM'], ['CORUM'], ['CORUM'], ['CORUM'], ['CORUM'], ['CORUM'], ['CORUM'], ['CORUM'], ['CORUM'], ['CORUM'], ['CORUM'], ['CORUM']]",HNSCC
CORUM,CORUM:3010,TFIID subcomplex,0.004554208922983591,True,TFIID subcomplex,5,1405,5,10857,0.0035587188612099642,1.0,query_1,['CORUM:0000000'],"['TAF4', 'TAF6', 'TAF12', 'TAF5', 'TAF9']","[['CORUM'], ['CORUM'], ['CORUM'], ['CORUM'], ['CORUM']]",LSCC
CORUM,CORUM:6664,"STAGA complex, SPT3-linked",0.022235794046869522,True,"STAGA complex, SPT3-linked",19,1671,10,10857,0.005984440454817474,0.5263157894736842,query_1,['CORUM:0000000'],"['TADA1', 'SGF29', 'SUPT20H', 'SUPT7L', 'TAF12', 'TADA3', 'TADA2B', 'TAF9', 'ATXN7', 'SAP130']","[['CORUM'], ['CORUM'], ['CORUM'], ['CORUM'], ['CORUM'], ['CORUM'], ['CORUM'], ['CORUM'], ['CORUM'], ['CORUM']]",LSCC
CORUM,CORUM:3086,CCND3-CDK4 complex,0.027595673925543105,True,CCND3-CDK4 complex,2,161,2,10857,0.012422360248447204,1.0,query_1,['CORUM:0000000'],"['CCND3', 'CDK4']","[['CORUM'], ['CORUM']]",LSCC
CORUM,CORUM:508,TFIID complex,0.028305061465559906,True,TFIID complex,10,2501,8,10857,0.003198720511795282,0.8,query_1,['CORUM:0000000'],"['TAF4', 'TAF6', 'TAF1', 'TAF12', 'TAF5', 'TAF9', 'TAF11', 'TAF10']","[['CORUM'], ['CORUM'], ['CORUM'], ['CORUM'], ['CORUM'], ['CORUM'], ['CORUM'], ['CORUM']]",LSCC
CORUM,CORUM:3009,TFIID complex,0.03476507079801564,True,TFIID complex,9,1405,6,10857,0.004270462633451958,0.6666666666666666,query_1,['CORUM:0000000'],"['TAF4', 'TAF6', 'TAF1', 'TAF12', 'TAF5', 'TAF9']","[['CORUM'], ['CORUM'], ['CORUM'], ['CORUM'], ['CORUM'], ['CORUM']]",LSCC
CORUM,CORUM:6754,KICSTOR complex,0.04148301097146374,True,KICSTOR complex,4,1463,4,10857,0.002734107997265892,1.0,query_1,['CORUM:0000000'],"['KPTN', 'C12orf66', 'ITFG2', 'SZT2']","[['CORUM'], ['CORUM'], ['CORUM'], ['CORUM']]",LSCC
CORUM,CORUM:306,"Ribosome, cytoplasmic",2.05233230948394e-13,True,"Ribosome, cytoplasmic",76,2641,55,9998,0.020825444907232107,0.7236842105263158,query_1,['CORUM:0000000'],"['RPL26', 'RPS18', 'RPL18A', 'RPL7', 'RPL4', 'RPL10', 'RPS9', 'RPL8', 'RPL38', 'UBA52', 'RPS15', 'RPL34', 'RPS26', 'RPL36', 'RPS19', 'RPL29', 'RPS4Y1', 'FAU', 'RPS4X', 'RPL23A', 'RPL32', 'RPS8', 'RPS27', 'RPS24', 'RPL37', 'RPL18', 'RPL10A', 'RPL21', 'RPS13', 'RPS17', 'RPL19', 'RPL15', 'RPS3A', 'RPL14', 'RPS5', 'RPL5', 'RPLP2', 'RPL7A', 'RPLP0', 'RPS10', 'RPL6', 'RPL35A', 'RPS29', 'RPS25', 'RPS14', 'RPL24', 'RPS21', 'RPL23', 'RPS6', 'RPS15A', 'RPL31', 'RPS11', 'RPL13A', 'RPL35', 'RPLP1']","[['CORUM'], ['CORUM'], ['CORUM'], ['CORUM'], ['CORUM'], ['CORUM'], ['CORUM'], ['CORUM'], ['CORUM'], ['CORUM'], ['CORUM'], ['CORUM'], ['CORUM'], ['CORUM'], ['CORUM'], ['CORUM'], ['CORUM'], ['CORUM'], ['CORUM'], ['CORUM'], ['CORUM'], ['CORUM'], ['CORUM'], ['CORUM'], ['CORUM'], ['CORUM'], ['CORUM'], ['CORUM'], ['CORUM'], ['CORUM'], ['CORUM'], ['CORUM'], ['CORUM'], ['CORUM'], ['CORUM'], ['CORUM'], ['CORUM'], ['CORUM'], ['CORUM'], ['CORUM'], ['CORUM'], ['CORUM'], ['CORUM'], ['CORUM'], ['CORUM'], ['CORUM'], ['CORUM'], ['CORUM'], ['CORUM'], ['CORUM'], ['CORUM'], ['CORUM'], ['CORUM'], ['CORUM'], ['CORUM']]",LUAD
REAC,REAC:R-HSA-1799339,SRP-dependent cotranslational protein targeting to membrane,2.2421765319182166e-11,True,SRP-dependent cotranslational protein targeting to membrane,103,2653,71,9998,0.026762156049754994,0.6893203883495146,query_1,['REAC:R-HSA-72766'],"['RPL26', 'RPS18', 'RPL18A', 'SPCS3', 'RPL7', 'RPL26L1', 'RPL4', 'RPL22L1', 'RPL10', 'RPS9', 'RPL8', 'RPL38', 'UBA52', 'RPS15', 'RPL34', 'RPS26', 'RPL36', 'RPS19', 'SSR4', 'SPCS2', 'RPL29', 'RPL36AL', 'SRP19', 'RPS4Y1', 'SRP14', 'FAU', 'RPS4X', 'RPL23A', 'RPL32', 'RPS8', 'RPS27', 'RPS24', 'RPL37', 'RPL18', 'RPL10A', 'RPL21', 'RPS13', 'RPS17', 'RPL19', 'RPL15', 'RPS3A', 'RPL14', 'RPS5', 'SEC61G', 'RPL5', 'RPLP2', 'RPL7A', 'RPLP0', 'RPS10', 'RPL6', 'DDOST', 'RPL35A', 'SRP54', 'RPS29', 'RPS25', 'RPS14', 'RPL24', 'RPS21', 'RPL23', 'RPS6', 'RPS15A', 'RPL31', 'SEC11A', 'RPS11', 'SSR3', 'RPN2', 'SRP9', 'RPL13A', 'RPL35', 'RPLP1', 'SPCS1']","[['REAC'], ['REAC'], ['REAC'], ['REAC'], ['REAC'], ['REAC'], ['REAC'], ['REAC'], ['REAC'], ['REAC'], ['REAC'], ['REAC'], ['REAC'], ['REAC'], ['REAC'], ['REAC'], ['REAC'], ['REAC'], ['REAC'], ['REAC'], ['REAC'], ['REAC'], ['REAC'], ['REAC'], ['REAC'], ['REAC'], ['REAC'], ['REAC'], ['REAC'], ['REAC'], ['REAC'], ['REAC'], ['REAC'], ['REAC'], ['REAC'], ['REAC'], ['REAC'], ['REAC'], ['REAC'], ['REAC'], ['REAC'], ['REAC'], ['REAC'], ['REAC'], ['REAC'], ['REAC'], ['REAC'], ['REAC'], ['REAC'], ['REAC'], ['REAC'], ['REAC'], ['REAC'], ['REAC'], ['REAC'], ['REAC'], ['REAC'], ['REAC'], ['REAC'], ['REAC'], ['REAC'], ['REAC'], ['REAC'], ['REAC'], ['REAC'], ['REAC'], ['REAC'], ['REAC'], ['REAC'], ['REAC'], ['REAC']]",LUAD
REAC,REAC:R-HSA-156842,Eukaryotic Translation Elongation,4.383956961291373e-11,True,Eukaryotic Translation Elongation,86,2641,62,9998,0.023475956077243468,0.7209302325581395,query_1,['REAC:R-HSA-72766'],"['RPL26', 'RPS18', 'RPL18A', 'RPL7', 'RPL26L1', 'RPL4', 'RPL22L1', 'RPL10', 'RPS9', 'RPL8', 'RPL38', 'UBA52', 'RPS15', 'RPL34', 'RPS26', 'RPL36', 'EEF1B2', 'RPS19', 'RPL29', 'RPL36AL', 'RPS4Y1', 'FAU', 'EEF1G', 'RPS4X', 'RPL23A', 'RPL32', 'RPS8', 'RPS27', 'RPS24', 'RPL37', 'RPL18', 'RPL10A', 'RPL21', 'RPS13', 'RPS17', 'RPL19', 'RPL15', 'RPS3A', 'RPL14', 'RPS5', 'RPL5', 'RPLP2', 'RPL7A', 'RPLP0', 'RPS10', 'RPL6', 'RPL35A', 'RPS29', 'RPS25', 'RPS14', 'RPL24', 'RPS21', 'RPL23', 'RPS6', 'RPS15A', 'RPL31', 'RPS11', 'EEF1D', 'RPL13A', 'RPL35', 'EEF1A1', 'RPLP1']","[['REAC'], ['REAC'], ['REAC'], ['REAC'], ['REAC'], ['REAC'], ['REAC'], ['REAC'], ['REAC'], ['REAC'], ['REAC'], ['REAC'], ['REAC'], ['REAC'], ['REAC'], ['REAC'], ['REAC'], ['REAC'], ['REAC'], ['REAC'], ['REAC'], ['REAC'], ['REAC'], ['REAC'], ['REAC'], ['REAC'], ['REAC'], ['REAC'], ['REAC'], ['REAC'], ['REAC'], ['REAC'], ['REAC'], ['REAC'], ['REAC'], ['REAC'], ['REAC'], ['REAC'], ['REAC'], ['REAC'], ['REAC'], ['REAC'], ['REAC'], ['REAC'], ['REAC'], ['REAC'], ['REAC'], ['REAC'], ['REAC'], ['REAC'], ['REAC'], ['REAC'], ['REAC'], ['REAC'], ['REAC'], ['REAC'], ['REAC'], ['REAC'], ['REAC'], ['REAC'], ['REAC'], ['REAC']]",LUAD
WP,WP:WP477,Cytoplasmic Ribosomal Proteins,1.7819887331135766e-10,True,Cytoplasmic Ribosomal Proteins,82,2641,56,9998,0.021204089360090876,0.6829268292682927,query_1,['WP:000000'],"['RPL26', 'RPS18', 'RPL18A', 'RPL7', 'RPL4', 'RPL10', 'RPS9', 'RPL8', 'RPL38', 'UBA52', 'RPS15', 'RPL34', 'RPS26', 'RPL36', 'RPS19', 'RPL29', 'RPS4Y1', 'FAU', 'RPS6KA2', 'RPS4X', 'RPL23A', 'RPL32', 'RPS8', 'RPS27', 'RPS24', 'RPL37', 'RPL18', 'RPL10A', 'RPL21', 'RPS13', 'RPS17', 'RPL19', 'RPL15', 'RPS3A', 'RPL14', 'RPS5', 'RPL5', 'RPLP2', 'RPL7A', 'RPLP0', 'RPS10', 'RPL6', 'RPL35A', 'RPS29', 'RPS25', 'RPS14', 'RPL24', 'RPS21', 'RPL23', 'RPS6', 'RPS15A', 'RPL31', 'RPS11', 'RPL13A', 'RPL35', 'RPLP1']","[['WP'], ['WP'], ['WP'], ['WP'], ['WP'], ['WP'], ['WP'], ['WP'], ['WP'], ['WP'], ['WP'], ['WP'], ['WP'], ['WP'], ['WP'], ['WP'], ['WP'], ['WP'], ['WP'], ['WP'], ['WP'], ['WP'], ['WP'], ['WP'], ['WP'], ['WP'], ['WP'], ['WP'], ['WP'], ['WP'], ['WP'], ['WP'], ['WP'], ['WP'], ['WP'], ['WP'], ['WP'], ['WP'], ['WP'], ['WP'], ['WP'], ['WP'], ['WP'], ['WP'], ['WP'], ['WP'], ['WP'], ['WP'], ['WP'], ['WP'], ['WP'], ['WP'], ['WP'], ['WP'], ['WP'], ['WP']]",LUAD
REAC,REAC:R-HSA-156902,Peptide chain elongation,3.3384916187037093e-10,True,Peptide chain elongation,82,2641,59,9998,0.022340022718667172,0.7195121951219512,query_1,['REAC:R-HSA-156842'],"['RPL26', 'RPS18', 'RPL18A', 'RPL7', 'RPL26L1', 'RPL4', 'RPL22L1', 'RPL10', 'RPS9', 'RPL8', 'RPL38', 'UBA52', 'RPS15', 'RPL34', 'RPS26', 'RPL36', 'RPS19', 'RPL29', 'RPL36AL', 'RPS4Y1', 'FAU', 'RPS4X', 'RPL23A', 'RPL32', 'RPS8', 'RPS27', 'RPS24', 'RPL37', 'RPL18', 'RPL10A', 'RPL21', 'RPS13', 'RPS17', 'RPL19', 'RPL15', 'RPS3A', 'RPL14', 'RPS5', 'RPL5', 'RPLP2', 'RPL7A', 'RPLP0', 'RPS10', 'RPL6', 'RPL35A', 'RPS29', 'RPS25', 'RPS14', 'RPL24', 'RPS21', 'RPL23', 'RPS6', 'RPS15A', 'RPL31', 'RPS11', 'RPL13A', 'RPL35', 'EEF1A1', 'RPLP1']","[['REAC'], ['REAC'], ['REAC'], ['REAC'], ['REAC'], ['REAC'], ['REAC'], ['REAC'], ['REAC'], ['REAC'], ['REAC'], ['REAC'], ['REAC'], ['REAC'], ['REAC'], ['REAC'], ['REAC'], ['REAC'], ['REAC'], ['REAC'], ['REAC'], ['REAC'], ['REAC'], ['REAC'], ['REAC'], ['REAC'], ['REAC'], ['REAC'], ['REAC'], ['REAC'], ['REAC'], ['REAC'], ['REAC'], ['REAC'], ['REAC'], ['REAC'], ['REAC'], ['REAC'], ['REAC'], ['REAC'], ['REAC'], ['REAC'], ['REAC'], ['REAC'], ['REAC'], ['REAC'], ['REAC'], ['REAC'], ['REAC'], ['REAC'], ['REAC'], ['REAC'], ['REAC'], ['REAC'], ['REAC'], ['REAC'], ['REAC'], ['REAC'], ['REAC']]",LUAD
GO:BP,GO:0006614,SRP-dependent cotranslational protein targeting to membrane,7.069798977294018e-10,True,"""The targeting of proteins to a membrane that occurs during translation and is dependent upon two key components, the signal-recognition particle (SRP) and the SRP receptor. SRP is a cytosolic particle that transiently binds to the endoplasmic reticulum (ER) signal sequence in a nascent protein, to the large ribosomal unit, and to the SRP receptor in the ER membrane."" [ISBN:0716731363]",86,2641,59,9998,0.022340022718667172,0.686046511627907,query_1,"['GO:0006613', 'GO:0045047']","['RPL26', 'RPS18', 'RPL18A', 'RPL7', 'RPL4', 'RPL10', 'RPS9', 'RPL8', 'RPL38', 'UBA52', 'RPS15', 'RPL34', 'RPS26', 'RPL36', 'RPS19', 'RPL29', 'SRP19', 'RPS4Y1', 'SRP14', 'FAU', 'RPS4X', 'RPL23A', 'RPL32', 'RPS8', 'RPS27', 'RPS24', 'RPL37', 'RPL18', 'RPL10A', 'RPL21', 'RPS13', 'RPS17', 'RPL19', 'RPL15', 'RPS3A', 'RPL14', 'RPS5', 'RPL5', 'RPLP2', 'RPL7A', 'RPLP0', 'RPS10', 'RPL6', 'RPL35A', 'SRP54', 'RPS29', 'RPS25', 'RPS14', 'RPL24', 'RPS21', 'RPL23', 'RPS6', 'RPS15A', 'RPL31', 'RPS11', 'SRP9', 'RPL13A', 'RPL35', 'RPLP1']","[['TAS'], ['TAS'], ['TAS'], ['TAS'], ['TAS'], ['TAS'], ['TAS'], ['TAS'], ['TAS'], ['TAS'], ['TAS'], ['TAS'], ['TAS'], ['TAS'], ['TAS'], ['TAS'], ['IBA', 'TAS'], ['TAS'], ['TAS'], ['TAS'], ['TAS'], ['TAS'], ['TAS'], ['TAS'], ['TAS'], ['TAS'], ['TAS'], ['TAS'], ['TAS'], ['TAS'], ['TAS'], ['TAS'], ['TAS'], ['TAS'], ['TAS'], ['TAS'], ['TAS'], ['TAS'], ['TAS'], ['TAS'], ['TAS'], ['TAS'], ['TAS'], ['TAS'], ['ISS', 'IBA', 'TAS', 'IC'], ['TAS'], ['TAS'], ['TAS'], ['TAS'], ['TAS'], ['TAS'], ['TAS'], ['TAS'], ['TAS'], ['TAS'], ['IBA', 'TAS'], ['TAS'], ['TAS'], ['TAS']]",LUAD
REAC,REAC:R-HSA-192823,Viral mRNA Translation,1.7651226155642585e-09,True,Viral mRNA Translation,82,2641,58,9998,0.021961378265808407,0.7073170731707317,query_1,['REAC:R-HSA-168273'],"['RPL26', 'RPS18', 'RPL18A', 'RPL7', 'RPL26L1', 'RPL4', 'RPL22L1', 'RPL10', 'RPS9', 'RPL8', 'RPL38', 'UBA52', 'RPS15', 'RPL34', 'RPS26', 'RPL36', 'RPS19', 'RPL29', 'RPL36AL', 'RPS4Y1', 'FAU', 'RPS4X', 'RPL23A', 'RPL32', 'RPS8', 'RPS27', 'RPS24', 'RPL37', 'RPL18', 'RPL10A', 'RPL21', 'RPS13', 'RPS17', 'RPL19', 'RPL15', 'RPS3A', 'RPL14', 'RPS5', 'RPL5', 'RPLP2', 'RPL7A', 'RPLP0', 'RPS10', 'RPL6', 'RPL35A', 'RPS29', 'RPS25', 'RPS14', 'RPL24', 'RPS21', 'RPL23', 'RPS6', 'RPS15A', 'RPL31', 'RPS11', 'RPL13A', 'RPL35', 'RPLP1']","[['REAC'], ['REAC'], ['REAC'], ['REAC'], ['REAC'], ['REAC'], ['REAC'], ['REAC'], ['REAC'], ['REAC'], ['REAC'], ['REAC'], ['REAC'], ['REAC'], ['REAC'], ['REAC'], ['REAC'], ['REAC'], ['REAC'], ['REAC'], ['REAC'], ['REAC'], ['REAC'], ['REAC'], ['REAC'], ['REAC'], ['REAC'], ['REAC'], ['REAC'], ['REAC'], ['REAC'], ['REAC'], ['REAC'], ['REAC'], ['REAC'], ['REAC'], ['REAC'], ['REAC'], ['REAC'], ['REAC'], ['REAC'], ['REAC'], ['REAC'], ['REAC'], ['REAC'], ['REAC'], ['REAC'], ['REAC'], ['REAC'], ['REAC'], ['REAC'], ['REAC'], ['REAC'], ['REAC'], ['REAC'], ['REAC'], ['REAC'], ['REAC']]",LUAD
REAC,REAC:R-HSA-72689,Formation of a pool of free 40S subunits,2.6139015634734742e-09,True,Formation of a pool of free 40S subunits,88,2641,63,9998,0.023854600530102233,0.7159090909090909,query_1,['REAC:R-HSA-72737'],"['RPL26', 'RPS18', 'RPL18A', 'RPL7', 'RPL26L1', 'RPL4', 'RPL22L1', 'EIF3G', 'RPL10', 'RPS9', 'RPL8', 'RPL38', 'UBA52', 'RPS15', 'RPL34', 'RPS26', 'RPL36', 'RPS19', 'RPL29', 'RPL36AL', 'RPS4Y1', 'FAU', 'EIF3I', 'RPS4X', 'RPL23A', 'RPL32', 'RPS8', 'RPS27', 'RPS24', 'RPL37', 'RPL18', 'RPL10A', 'RPL21', 'RPS13', 'RPS17', 'RPL19', 'RPL15', 'RPS3A', 'RPL14', 'RPS5', 'RPL5', 'RPLP2', 'RPL7A', 'RPLP0', 'RPS10', 'EIF3M', 'RPL6', 'RPL35A', 'RPS29', 'RPS25', 'RPS14', 'RPL24', 'RPS21', 'RPL23', 'RPS6', 'RPS15A', 'EIF1AX', 'RPL31', 'RPS11', 'RPL13A', 'RPL35', 'EIF3K', 'RPLP1']","[['REAC'], ['REAC'], ['REAC'], ['REAC'], ['REAC'], ['REAC'], ['REAC'], ['REAC'], ['REAC'], ['REAC'], ['REAC'], ['REAC'], ['REAC'], ['REAC'], ['REAC'], ['REAC'], ['REAC'], ['REAC'], ['REAC'], ['REAC'], ['REAC'], ['REAC'], ['REAC'], ['REAC'], ['REAC'], ['REAC'], ['REAC'], ['REAC'], ['REAC'], ['REAC'], ['REAC'], ['REAC'], ['REAC'], ['REAC'], ['REAC'], ['REAC'], ['REAC'], ['REAC'], ['REAC'], ['REAC'], ['REAC'], ['REAC'], ['REAC'], ['REAC'], ['REAC'], ['REAC'], ['REAC'], ['REAC'], ['REAC'], ['REAC'], ['REAC'], ['REAC'], ['REAC'], ['REAC'], ['REAC'], ['REAC'], ['REAC'], ['REAC'], ['REAC'], ['REAC'], ['REAC'], ['REAC'], ['REAC']]",LUAD
GO:BP,GO:0006613,cotranslational protein targeting to membrane,7.708904343915934e-09,True,"""The targeting of proteins to a membrane that occurs during translation. The transport of most secretory proteins, particularly those with more than 100 amino acids, into the endoplasmic reticulum lumen occurs in this manner, as does the import of some proteins into mitochondria."" [ISBN:0716731363, PMID:10512867, PMID:16896215]",92,2641,61,9998,0.023097311624384703,0.6630434782608695,query_1,['GO:0006612'],"['RPL26', 'SEC62', 'RPS18', 'RPL18A', 'RPL7', 'RPL4', 'ARL6IP1', 'RPL10', 'RPS9', 'RPL8', 'RPL38', 'UBA52', 'RPS15', 'RPL34', 'RPS26', 'RPL36', 'RPS19', 'RPL29', 'SRP19', 'RPS4Y1', 'SRP14', 'FAU', 'RPS4X', 'RPL23A', 'RPL32', 'RPS8', 'RPS27', 'RPS24', 'RPL37', 'RPL18', 'RPL10A', 'RPL21', 'RPS13', 'RPS17', 'RPL19', 'RPL15', 'RPS3A', 'RPL14', 'RPS5', 'RPL5', 'RPLP2', 'RPL7A', 'RPLP0', 'RPS10', 'RPL6', 'RPL35A', 'SRP54', 'RPS29', 'RPS25', 'RPS14', 'RPL24', 'RPS21', 'RPL23', 'RPS6', 'RPS15A', 'RPL31', 'RPS11', 'SRP9', 'RPL13A', 'RPL35', 'RPLP1']","[['TAS'], ['TAS'], ['TAS'], ['TAS'], ['TAS'], ['TAS'], ['IBA'], ['TAS'], ['TAS'], ['TAS'], ['TAS'], ['TAS'], ['TAS'], ['TAS'], ['TAS'], ['TAS'], ['TAS'], ['TAS'], ['IBA', 'TAS'], ['TAS'], ['TAS'], ['TAS'], ['TAS'], ['TAS'], ['TAS'], ['TAS'], ['TAS'], ['TAS'], ['TAS'], ['TAS'], ['TAS'], ['TAS'], ['TAS'], ['TAS'], ['TAS'], ['TAS'], ['TAS'], ['TAS'], ['TAS'], ['TAS'], ['TAS'], ['TAS'], ['TAS'], ['TAS'], ['TAS'], ['TAS'], ['ISS', 'IBA', 'TAS', 'IC'], ['TAS'], ['TAS'], ['TAS'], ['TAS'], ['TAS'], ['TAS'], ['TAS'], ['TAS'], ['TAS'], ['TAS'], ['IBA', 'TAS'], ['TAS'], ['TAS'], ['TAS']]",LUAD
GO:BP,GO:0045047,protein targeting to ER,9.498129046335093e-09,True,"""The process of directing proteins towards the endoplasmic reticulum (ER) using signals contained within the protein. One common mechanism uses a 16- to 30-residue signal sequence, typically located at the N-terminus of the protein and containing positively charged amino acids followed by a continuous stretch of hydrophobic residues, which directs the ribosome to the ER membrane and initiates transport of the growing polypeptide across the ER membrane."" [ISBN:0716731363]",100,2653,64,9998,0.02412363362231436,0.64,query_1,"['GO:0006605', 'GO:0072599']","['RPL26', 'SEC62', 'RPS18', 'RPL18A', 'SPCS3', 'RPL7', 'RPL4', 'RPL10', 'RPS9', 'RPL8', 'RPL38', 'UBA52', 'RPS15', 'RPL34', 'RPS26', 'RPL36', 'RPS19', 'SPCS2', 'RPL29', 'SRP19', 'RPS4Y1', 'SRP14', 'FAU', 'RPS4X', 'RPL23A', 'RPL32', 'RPS8', 'RPS27', 'RPS24', 'RPL37', 'RPL18', 'RPL10A', 'RPL21', 'RPS13', 'RPS17', 'RPL19', 'RPL15', 'RPS3A', 'RPL14', 'RPS5', 'SEC61G', 'RPL5', 'RPLP2', 'RPL7A', 'RPLP0', 'RPS10', 'RPL6', 'RPL35A', 'SRP54', 'RPS29', 'RPS25', 'RPS14', 'RPL24', 'RPS21', 'RPL23', 'RPS6', 'RPS15A', 'RPL31', 'RPS11', 'SRP9', 'RPL13A', 'RPL35', 'RPLP1', 'SPCS1']","[['TAS'], ['IMP', 'IBA'], ['TAS'], ['TAS'], ['IBA'], ['TAS'], ['TAS'], ['TAS'], ['TAS'], ['TAS'], ['TAS'], ['TAS'], ['TAS'], ['TAS'], ['TAS'], ['TAS'], ['TAS'], ['IBA'], ['TAS'], ['IBA', 'TAS'], ['TAS'], ['IMP', 'IBA', 'TAS'], ['TAS'], ['TAS'], ['TAS'], ['TAS'], ['TAS'], ['TAS'], ['TAS'], ['TAS'], ['TAS'], ['TAS'], ['TAS'], ['TAS'], ['TAS'], ['TAS'], ['TAS'], ['TAS'], ['TAS'], ['TAS'], ['ISS', 'IBA'], ['TAS'], ['TAS'], ['TAS'], ['TAS'], ['TAS'], ['TAS'], ['TAS'], ['IMP', 'ISS', 'IBA', 'TAS', 'IC'], ['TAS'], ['TAS'], ['TAS'], ['TAS'], ['TAS'], ['TAS'], ['TAS'], ['TAS'], ['TAS'], ['TAS'], ['IBA', 'TAS'], ['TAS'], ['TAS'], ['TAS'], ['IBA']]",LUAD
REAC,REAC:R-HSA-975956,Nonsense Mediated Decay (NMD) independent of the Exon Junction Complex (EJC),2.2706925634315567e-08,True,Nonsense Mediated Decay (NMD) independent of the Exon Junction Complex (EJC),87,2641,59,9998,0.022340022718667172,0.6781609195402298,query_1,['REAC:R-HSA-927802'],"['RPL26', 'RPS18', 'RPL18A', 'RPL7', 'RPL26L1', 'RPL4', 'RPL22L1', 'RPL10', 'RPS9', 'RPL8', 'RPL38', 'UBA52', 'RPS15', 'RPL34', 'RPS26', 'RPL36', 'RPS19', 'RPL29', 'RPL36AL', 'RPS4Y1', 'FAU', 'NCBP2', 'RPS4X', 'RPL23A', 'RPL32', 'RPS8', 'RPS27', 'RPS24', 'RPL37', 'RPL18', 'RPL10A', 'RPL21', 'RPS13', 'RPS17', 'RPL19', 'RPL15', 'RPS3A', 'RPL14', 'RPS5', 'RPL5', 'RPLP2', 'RPL7A', 'RPLP0', 'RPS10', 'RPL6', 'RPL35A', 'RPS29', 'RPS25', 'RPS14', 'RPL24', 'RPS21', 'RPL23', 'RPS6', 'RPS15A', 'RPL31', 'RPS11', 'RPL13A', 'RPL35', 'RPLP1']","[['REAC'], ['REAC'], ['REAC'], ['REAC'], ['REAC'], ['REAC'], ['REAC'], ['REAC'], ['REAC'], ['REAC'], ['REAC'], ['REAC'], ['REAC'], ['REAC'], ['REAC'], ['REAC'], ['REAC'], ['REAC'], ['REAC'], ['REAC'], ['REAC'], ['REAC'], ['REAC'], ['REAC'], ['REAC'], ['REAC'], ['REAC'], ['REAC'], ['REAC'], ['REAC'], ['REAC'], ['REAC'], ['REAC'], ['REAC'], ['REAC'], ['REAC'], ['REAC'], ['REAC'], ['REAC'], ['REAC'], ['REAC'], ['REAC'], ['REAC'], ['REAC'], ['REAC'], ['REAC'], ['REAC'], ['REAC'], ['REAC'], ['REAC'], ['REAC'], ['REAC'], ['REAC'], ['REAC'], ['REAC'], ['REAC'], ['REAC'], ['REAC'], ['REAC']]",LUAD
GO:BP,GO:0072599,establishment of protein localization to endoplasmic reticulum,2.545931835124729e-08,True,"""The directed movement of a protein to a specific location in the endoplasmic reticulum."" [GOC:mah]",103,2653,65,9998,0.024500565397663022,0.6310679611650486,query_1,"['GO:0070972', 'GO:0072594']","['RPL26', 'SEC62', 'RPS18', 'RPL18A', 'SPCS3', 'RPL7', 'RPL4', 'RPL10', 'RPS9', 'RPL8', 'RPL38', 'UBA52', 'RPS15', 'RPL34', 'RYR2', 'RPS26', 'RPL36', 'RPS19', 'SPCS2', 'RPL29', 'SRP19', 'RPS4Y1', 'SRP14', 'FAU', 'RPS4X', 'RPL23A', 'RPL32', 'RPS8', 'RPS27', 'RPS24', 'RPL37', 'RPL18', 'RPL10A', 'RPL21', 'RPS13', 'RPS17', 'RPL19', 'RPL15', 'RPS3A', 'RPL14', 'RPS5', 'SEC61G', 'RPL5', 'RPLP2', 'RPL7A', 'RPLP0', 'RPS10', 'RPL6', 'RPL35A', 'SRP54', 'RPS29', 'RPS25', 'RPS14', 'RPL24', 'RPS21', 'RPL23', 'RPS6', 'RPS15A', 'RPL31', 'RPS11', 'SRP9', 'RPL13A', 'RPL35', 'RPLP1', 'SPCS1']","[['TAS'], ['IMP', 'IBA'], ['TAS'], ['TAS'], ['IBA'], ['TAS'], ['TAS'], ['TAS'], ['TAS'], ['TAS'], ['TAS'], ['TAS'], ['TAS'], ['TAS'], ['IDA'], ['TAS'], ['TAS'], ['TAS'], ['IBA'], ['TAS'], ['IBA', 'TAS'], ['TAS'], ['IMP', 'IBA', 'TAS'], ['TAS'], ['TAS'], ['TAS'], ['TAS'], ['TAS'], ['TAS'], ['TAS'], ['TAS'], ['TAS'], ['TAS'], ['TAS'], ['TAS'], ['TAS'], ['TAS'], ['TAS'], ['TAS'], ['TAS'], ['TAS'], ['ISS', 'IBA'], ['TAS'], ['TAS'], ['TAS'], ['TAS'], ['TAS'], ['TAS'], ['TAS'], ['IMP', 'ISS', 'IBA', 'TAS', 'IC'], ['TAS'], ['TAS'], ['TAS'], ['TAS'], ['TAS'], ['TAS'], ['TAS'], ['TAS'], ['TAS'], ['TAS'], ['IBA', 'TAS'], ['TAS'], ['TAS'], ['TAS'], ['IBA']]",LUAD
REAC,REAC:R-HSA-2408557,Selenocysteine synthesis,2.8110273732666303e-08,True,Selenocysteine synthesis,83,2641,58,9998,0.021961378265808407,0.6987951807228916,query_1,['REAC:R-HSA-2408522'],"['RPL26', 'RPS18', 'RPL18A', 'RPL7', 'RPL26L1', 'RPL4', 'RPL22L1', 'RPL10', 'RPS9', 'RPL8', 'RPL38', 'UBA52', 'RPS15', 'RPL34', 'RPS26', 'RPL36', 'RPS19', 'RPL29', 'RPL36AL', 'RPS4Y1', 'FAU', 'RPS4X', 'RPL23A', 'RPL32', 'RPS8', 'RPS27', 'RPS24', 'RPL37', 'RPL18', 'RPL10A', 'RPL21', 'RPS13', 'RPS17', 'RPL19', 'RPL15', 'RPS3A', 'RPL14', 'RPS5', 'RPL5', 'RPLP2', 'RPL7A', 'RPLP0', 'RPS10', 'RPL6', 'RPL35A', 'RPS29', 'RPS25', 'RPS14', 'RPL24', 'RPS21', 'RPL23', 'RPS6', 'RPS15A', 'RPL31', 'RPS11', 'RPL13A', 'RPL35', 'RPLP1']","[['REAC'], ['REAC'], ['REAC'], ['REAC'], ['REAC'], ['REAC'], ['REAC'], ['REAC'], ['REAC'], ['REAC'], ['REAC'], ['REAC'], ['REAC'], ['REAC'], ['REAC'], ['REAC'], ['REAC'], ['REAC'], ['REAC'], ['REAC'], ['REAC'], ['REAC'], ['REAC'], ['REAC'], ['REAC'], ['REAC'], ['REAC'], ['REAC'], ['REAC'], ['REAC'], ['REAC'], ['REAC'], ['REAC'], ['REAC'], ['REAC'], ['REAC'], ['REAC'], ['REAC'], ['REAC'], ['REAC'], ['REAC'], ['REAC'], ['REAC'], ['REAC'], ['REAC'], ['REAC'], ['REAC'], ['REAC'], ['REAC'], ['REAC'], ['REAC'], ['REAC'], ['REAC'], ['REAC'], ['REAC'], ['REAC'], ['REAC'], ['REAC']]",LUAD
REAC,REAC:R-HSA-72764,Eukaryotic Translation Termination,2.8110273732666303e-08,True,Eukaryotic Translation Termination,86,2641,58,9998,0.021961378265808407,0.6744186046511628,query_1,['REAC:R-HSA-72766'],"['RPL26', 'RPS18', 'RPL18A', 'RPL7', 'RPL26L1', 'RPL4', 'RPL22L1', 'RPL10', 'RPS9', 'RPL8', 'RPL38', 'UBA52', 'RPS15', 'RPL34', 'RPS26', 'RPL36', 'RPS19', 'RPL29', 'RPL36AL', 'RPS4Y1', 'FAU', 'RPS4X', 'RPL23A', 'RPL32', 'RPS8', 'RPS27', 'RPS24', 'RPL37', 'RPL18', 'RPL10A', 'RPL21', 'RPS13', 'RPS17', 'RPL19', 'RPL15', 'RPS3A', 'RPL14', 'RPS5', 'RPL5', 'RPLP2', 'RPL7A', 'RPLP0', 'RPS10', 'RPL6', 'RPL35A', 'RPS29', 'RPS25', 'RPS14', 'RPL24', 'RPS21', 'RPL23', 'RPS6', 'RPS15A', 'RPL31', 'RPS11', 'RPL13A', 'RPL35', 'RPLP1']","[['REAC'], ['REAC'], ['REAC'], ['REAC'], ['REAC'], ['REAC'], ['REAC'], ['REAC'], ['REAC'], ['REAC'], ['REAC'], ['REAC'], ['REAC'], ['REAC'], ['REAC'], ['REAC'], ['REAC'], ['REAC'], ['REAC'], ['REAC'], ['REAC'], ['REAC'], ['REAC'], ['REAC'], ['REAC'], ['REAC'], ['REAC'], ['REAC'], ['REAC'], ['REAC'], ['REAC'], ['REAC'], ['REAC'], ['REAC'], ['REAC'], ['REAC'], ['REAC'], ['REAC'], ['REAC'], ['REAC'], ['REAC'], ['REAC'], ['REAC'], ['REAC'], ['REAC'], ['REAC'], ['REAC'], ['REAC'], ['REAC'], ['REAC'], ['REAC'], ['REAC'], ['REAC'], ['REAC'], ['REAC'], ['REAC'], ['REAC'], ['REAC']]",LUAD
CORUM,CORUM:308,"60S ribosomal subunit, cytoplasmic",2.2066046631314627e-07,True,"60S ribosomal subunit, cytoplasmic",44,2641,32,9998,0.0121166224914805,0.7272727272727273,query_1,['CORUM:0000000'],"['RPL26', 'RPL18A', 'RPL7', 'RPL4', 'RPL10', 'RPL8', 'RPL38', 'UBA52', 'RPL34', 'RPL36', 'RPL29', 'RPL23A', 'RPL32', 'RPL37', 'RPL18', 'RPL10A', 'RPL21', 'RPL19', 'RPL15', 'RPL14', 'RPL5', 'RPLP2', 'RPL7A', 'RPLP0', 'RPL6', 'RPL35A', 'RPL24', 'RPL23', 'RPL31', 'RPL13A', 'RPL35', 'RPLP1']","[['CORUM'], ['CORUM'], ['CORUM'], ['CORUM'], ['CORUM'], ['CORUM'], ['CORUM'], ['CORUM'], ['CORUM'], ['CORUM'], ['CORUM'], ['CORUM'], ['CORUM'], ['CORUM'], ['CORUM'], ['CORUM'], ['CORUM'], ['CORUM'], ['CORUM'], ['CORUM'], ['CORUM'], ['CORUM'], ['CORUM'], ['CORUM'], ['CORUM'], ['CORUM'], ['CORUM'], ['CORUM'], ['CORUM'], ['CORUM'], ['CORUM'], ['CORUM']]",LUAD
GO:CC,GO:0022626,cytosolic ribosome,6.712511650189529e-07,True,"""A ribosome located in the cytosol."" [GOC:mtg_sensu]",96,2641,60,9998,0.022718667171525937,0.625,query_1,"['GO:0005829', 'GO:0005840']","['RPL26', 'RPS18', 'RPL18A', 'RPL7', 'RPL26L1', 'RPL4', 'DDX3X', 'RPL10', 'RPS9', 'RPL8', 'RPL38', 'UBA52', 'RPS15', 'APOD', 'RPL34', 'RPS26', 'RPL36', 'RPS19', 'RPL29', 'RPL36AL', 'RPS4Y1', 'FAU', 'RPS4X', 'RPL23A', 'RPL32', 'RPS8', 'RPS27', 'RPS24', 'RPL37', 'RPL18', 'RPL10A', 'RPL21', 'RPS13', 'RPS17', 'RPL19', 'RPL15', 'RPS3A', 'RPL14', 'RPS5', 'RPL5', 'RPLP2', 'MRPS11', 'RPL7A', 'RPLP0', 'RPS10', 'RPL6', 'RPL35A', 'RPS29', 'RPS25', 'RPS14', 'RPL24', 'RPS21', 'RPL23', 'RPS6', 'RPS15A', 'RPL31', 'RPS11', 'RPL13A', 'RPL35', 'RPLP1']","[['IDA', 'HDA', 'IBA', 'TAS'], ['IDA', 'HDA'], ['IDA', 'HDA', 'IBA', 'TAS'], ['IDA', 'HDA', 'IBA', 'TAS'], ['IBA'], ['IDA', 'HDA', 'IBA', 'TAS'], ['IDA'], ['IDA', 'HDA', 'IBA'], ['IDA', 'HDA', 'IBA'], ['IDA', 'HDA', 'IBA', 'TAS'], ['IDA', 'HDA', 'IBA', 'TAS'], ['IDA', 'IBA'], ['IDA', 'HDA', 'IBA'], ['ISS'], ['IDA', 'HDA', 'TAS'], ['IDA', 'HDA', 'IBA'], ['IDA', 'HDA', 'IBA'], ['IDA', 'HDA', 'IBA'], ['IDA', 'HDA', 'IBA', 'TAS'], ['IBA'], ['IBA', 'TAS', 'NAS'], ['IDA', 'HDA', 'ISO'], ['IDA', 'IBA', 'NAS'], ['IDA', 'HDA', 'IBA', 'NAS'], ['IDA', 'HDA', 'IBA'], ['IDA', 'HDA', 'IBA', 'TAS'], ['IDA', 'HDA', 'IBA'], ['IDA', 'HDA'], ['IDA', 'HDA', 'IBA', 'TAS'], ['IDA', 'HDA', 'IBA', 'TAS'], ['IDA', 'HDA', 'IBA'], ['IDA', 'HDA', 'IBA', 'TAS'], ['IDA', 'HDA', 'IBA'], ['IDA', 'HDA'], ['IDA', 'HDA', 'IBA', 'TAS'], ['IDA', 'HDA', 'IBA'], ['IDA', 'HDA'], ['IDA', 'HDA', 'IBA', 'TAS'], ['IDA', 'HDA', 'IBA'], ['IDA', 'HDA', 'IBA', 'TAS'], ['IDA', 'HDA'], ['IBA'], ['IDA', 'HDA', 'IBA', 'TAS'], ['IDA', 'HDA', 'IBA'], ['IDA', 'HDA', 'IBA'], ['IDA', 'HDA', 'IBA', 'TAS'], ['IDA', 'HDA', 'IBA'], ['IDA', 'HDA', 'IBA'], ['IDA', 'HDA', 'IBA'], ['IDA', 'HDA', 'IBA'], ['IDA', 'HDA', 'IBA', 'TAS'], ['IDA', 'HDA', 'IBA', 'NAS'], ['IDA', 'HDA', 'IBA'], ['IDA', 'HDA', 'NAS'], ['IDA', 'HDA', 'IBA'], ['IDA', 'HDA', 'IBA', 'TAS'], ['IDA', 'HDA', 'IBA'], ['IDA', 'HDA', 'IBA'], ['IDA', 'HDA', 'IBA', 'TAS'], ['IDA', 'HDA', 'IBA']]",LUAD
REAC,REAC:R-HSA-156827,L13a-mediated translational silencing of Ceruloplasmin expression,9.43958300687272e-07,True,L13a-mediated translational silencing of Ceruloplasmin expression,98,2641,63,9998,0.023854600530102233,0.6428571428571429,query_1,['REAC:R-HSA-72613'],"['RPL26', 'RPS18', 'RPL18A', 'RPL7', 'RPL26L1', 'RPL4', 'RPL22L1', 'EIF3G', 'RPL10', 'RPS9', 'RPL8', 'RPL38', 'UBA52', 'RPS15', 'RPL34', 'RPS26', 'RPL36', 'RPS19', 'RPL29', 'RPL36AL', 'RPS4Y1', 'FAU', 'EIF3I', 'RPS4X', 'RPL23A', 'RPL32', 'RPS8', 'RPS27', 'RPS24', 'RPL37', 'RPL18', 'RPL10A', 'RPL21', 'RPS13', 'RPS17', 'RPL19', 'RPL15', 'RPS3A', 'RPL14', 'RPS5', 'RPL5', 'RPLP2', 'RPL7A', 'RPLP0', 'RPS10', 'EIF3M', 'RPL6', 'RPL35A', 'RPS29', 'RPS25', 'RPS14', 'RPL24', 'RPS21', 'RPL23', 'RPS6', 'RPS15A', 'EIF1AX', 'RPL31', 'RPS11', 'RPL13A', 'RPL35', 'EIF3K', 'RPLP1']","[['REAC'], ['REAC'], ['REAC'], ['REAC'], ['REAC'], ['REAC'], ['REAC'], ['REAC'], ['REAC'], ['REAC'], ['REAC'], ['REAC'], ['REAC'], ['REAC'], ['REAC'], ['REAC'], ['REAC'], ['REAC'], ['REAC'], ['REAC'], ['REAC'], ['REAC'], ['REAC'], ['REAC'], ['REAC'], ['REAC'], ['REAC'], ['REAC'], ['REAC'], ['REAC'], ['REAC'], ['REAC'], ['REAC'], ['REAC'], ['REAC'], ['REAC'], ['REAC'], ['REAC'], ['REAC'], ['REAC'], ['REAC'], ['REAC'], ['REAC'], ['REAC'], ['REAC'], ['REAC'], ['REAC'], ['REAC'], ['REAC'], ['REAC'], ['REAC'], ['REAC'], ['REAC'], ['REAC'], ['REAC'], ['REAC'], ['REAC'], ['REAC'], ['REAC'], ['REAC'], ['REAC'], ['REAC'], ['REAC']]",LUAD
REAC,REAC:R-HSA-168273,Influenza Viral RNA Transcription and Replication,1.4115409462776979e-06,True,Influenza Viral RNA Transcription and Replication,110,2641,71,9998,0.02688375615297236,0.6454545454545455,query_1,['REAC:R-HSA-168255'],"['RPL26', 'RPS18', 'RPL18A', 'RPL7', 'RPL26L1', 'RPL4', 'RPL22L1', 'NUP214', 'RPL10', 'RPS9', 'RPL8', 'RPL38', 'UBA52', 'NUP43', 'AAAS', 'RPS15', 'RPL34', 'RPS26', 'POM121C', 'RPL36', 'RPS19', 'RPL29', 'RPL36AL', 'RPS4Y1', 'FAU', 'NUP210', 'RPS4X', 'RPL23A', 'POLR2I', 'RPL32', 'RPS8', 'POLR2L', 'RPS27', 'RPS24', 'RPL37', 'RPL18', 'RPL10A', 'RPL21', 'RPS13', 'RPS17', 'RPL19', 'RPL15', 'RPS3A', 'RPL14', 'RPS5', 'POLR2E', 'RPL5', 'SEC13', 'RPLP2', 'GTF2F1', 'RPL7A', 'RPLP0', 'RPS10', 'RPL6', 'RPL35A', 'RPS29', 'RPS25', 'RPS14', 'RPL24', 'RPS21', 'POLR2F', 'NUP37', 'RPL23', 'RPS6', 'RPS15A', 'RPL31', 'RPS11', 'POM121', 'RPL13A', 'RPL35', 'RPLP1']","[['REAC'], ['REAC'], ['REAC'], ['REAC'], ['REAC'], ['REAC'], ['REAC'], ['REAC'], ['REAC'], ['REAC'], ['REAC'], ['REAC'], ['REAC'], ['REAC'], ['REAC'], ['REAC'], ['REAC'], ['REAC'], ['REAC'], ['REAC'], ['REAC'], ['REAC'], ['REAC'], ['REAC'], ['REAC'], ['REAC'], ['REAC'], ['REAC'], ['REAC'], ['REAC'], ['REAC'], ['REAC'], ['REAC'], ['REAC'], ['REAC'], ['REAC'], ['REAC'], ['REAC'], ['REAC'], ['REAC'], ['REAC'], ['REAC'], ['REAC'], ['REAC'], ['REAC'], ['REAC'], ['REAC'], ['REAC'], ['REAC'], ['REAC'], ['REAC'], ['REAC'], ['REAC'], ['REAC'], ['REAC'], ['REAC'], ['REAC'], ['REAC'], ['REAC'], ['REAC'], ['REAC'], ['REAC'], ['REAC'], ['REAC'], ['REAC'], ['REAC'], ['REAC'], ['REAC'], ['REAC'], ['REAC'], ['REAC']]",LUAD
REAC,REAC:R-HSA-72706,GTP hydrolysis and joining of the 60S ribosomal subunit,1.5887748933021157e-06,True,GTP hydrolysis and joining of the 60S ribosomal subunit,99,2641,63,9998,0.023854600530102233,0.6363636363636364,query_1,['REAC:R-HSA-72737'],"['RPL26', 'RPS18', 'RPL18A', 'RPL7', 'RPL26L1', 'RPL4', 'RPL22L1', 'EIF3G', 'RPL10', 'RPS9', 'RPL8', 'RPL38', 'UBA52', 'RPS15', 'RPL34', 'RPS26', 'RPL36', 'RPS19', 'RPL29', 'RPL36AL', 'RPS4Y1', 'FAU', 'EIF3I', 'RPS4X', 'RPL23A', 'RPL32', 'RPS8', 'RPS27', 'RPS24', 'RPL37', 'RPL18', 'RPL10A', 'RPL21', 'RPS13', 'RPS17', 'RPL19', 'RPL15', 'RPS3A', 'RPL14', 'RPS5', 'RPL5', 'RPLP2', 'RPL7A', 'RPLP0', 'RPS10', 'EIF3M', 'RPL6', 'RPL35A', 'RPS29', 'RPS25', 'RPS14', 'RPL24', 'RPS21', 'RPL23', 'RPS6', 'RPS15A', 'EIF1AX', 'RPL31', 'RPS11', 'RPL13A', 'RPL35', 'EIF3K', 'RPLP1']","[['REAC'], ['REAC'], ['REAC'], ['REAC'], ['REAC'], ['REAC'], ['REAC'], ['REAC'], ['REAC'], ['REAC'], ['REAC'], ['REAC'], ['REAC'], ['REAC'], ['REAC'], ['REAC'], ['REAC'], ['REAC'], ['REAC'], ['REAC'], ['REAC'], ['REAC'], ['REAC'], ['REAC'], ['REAC'], ['REAC'], ['REAC'], ['REAC'], ['REAC'], ['REAC'], ['REAC'], ['REAC'], ['REAC'], ['REAC'], ['REAC'], ['REAC'], ['REAC'], ['REAC'], ['REAC'], ['REAC'], ['REAC'], ['REAC'], ['REAC'], ['REAC'], ['REAC'], ['REAC'], ['REAC'], ['REAC'], ['REAC'], ['REAC'], ['REAC'], ['REAC'], ['REAC'], ['REAC'], ['REAC'], ['REAC'], ['REAC'], ['REAC'], ['REAC'], ['REAC'], ['REAC'], ['REAC'], ['REAC']]",LUAD
REAC,REAC:R-HSA-9633012,Response of EIF2AK4 (GCN2) to amino acid deficiency,3.294474889282656e-06,True,Response of EIF2AK4 (GCN2) to amino acid deficiency,89,2641,58,9998,0.021961378265808407,0.651685393258427,query_1,['REAC:R-HSA-9711097'],"['RPL26', 'RPS18', 'RPL18A', 'RPL7', 'RPL26L1', 'RPL4', 'RPL22L1', 'RPL10', 'RPS9', 'RPL8', 'RPL38', 'UBA52', 'RPS15', 'RPL34', 'RPS26', 'RPL36', 'RPS19', 'RPL29', 'RPL36AL', 'RPS4Y1', 'FAU', 'RPS4X', 'RPL23A', 'RPL32', 'RPS8', 'RPS27', 'RPS24', 'RPL37', 'RPL18', 'RPL10A', 'RPL21', 'RPS13', 'RPS17', 'RPL19', 'RPL15', 'RPS3A', 'RPL14', 'RPS5', 'RPL5', 'RPLP2', 'RPL7A', 'RPLP0', 'RPS10', 'RPL6', 'RPL35A', 'RPS29', 'RPS25', 'RPS14', 'RPL24', 'RPS21', 'RPL23', 'RPS6', 'RPS15A', 'RPL31', 'RPS11', 'RPL13A', 'RPL35', 'RPLP1']","[['REAC'], ['REAC'], ['REAC'], ['REAC'], ['REAC'], ['REAC'], ['REAC'], ['REAC'], ['REAC'], ['REAC'], ['REAC'], ['REAC'], ['REAC'], ['REAC'], ['REAC'], ['REAC'], ['REAC'], ['REAC'], ['REAC'], ['REAC'], ['REAC'], ['REAC'], ['REAC'], ['REAC'], ['REAC'], ['REAC'], ['REAC'], ['REAC'], ['REAC'], ['REAC'], ['REAC'], ['REAC'], ['REAC'], ['REAC'], ['REAC'], ['REAC'], ['REAC'], ['REAC'], ['REAC'], ['REAC'], ['REAC'], ['REAC'], ['REAC'], ['REAC'], ['REAC'], ['REAC'], ['REAC'], ['REAC'], ['REAC'], ['REAC'], ['REAC'], ['REAC'], ['REAC'], ['REAC'], ['REAC'], ['REAC'], ['REAC'], ['REAC']]",LUAD
CORUM,CORUM:305,"40S ribosomal subunit, cytoplasmic",3.6320181041598785e-06,True,"40S ribosomal subunit, cytoplasmic",32,2420,23,9998,0.009504132231404958,0.71875,query_1,['CORUM:0000000'],"['RPS18', 'RPS9', 'RPS15', 'RPS26', 'RPS19', 'RPS4Y1', 'FAU', 'RPS4X', 'RPS8', 'RPS27', 'RPS24', 'RPS13', 'RPS17', 'RPS3A', 'RPS5', 'RPS10', 'RPS29', 'RPS25', 'RPS14', 'RPS21', 'RPS6', 'RPS15A', 'RPS11']","[['CORUM'], ['CORUM'], ['CORUM'], ['CORUM'], ['CORUM'], ['CORUM'], ['CORUM'], ['CORUM'], ['CORUM'], ['CORUM'], ['CORUM'], ['CORUM'], ['CORUM'], ['CORUM'], ['CORUM'], ['CORUM'], ['CORUM'], ['CORUM'], ['CORUM'], ['CORUM'], ['CORUM'], ['CORUM'], ['CORUM']]",LUAD
REAC,REAC:R-HSA-72737,Cap-dependent Translation Initiation,1.4085770445098935e-05,True,Cap-dependent Translation Initiation,106,2641,64,9998,0.024233244982961,0.6037735849056604,query_1,['REAC:R-HSA-72613'],"['RPL26', 'RPS18', 'RPL18A', 'RPL7', 'RPL26L1', 'RPL4', 'RPL22L1', 'EIF3G', 'RPL10', 'RPS9', 'RPL8', 'EIF2B5', 'RPL38', 'UBA52', 'RPS15', 'RPL34', 'RPS26', 'RPL36', 'RPS19', 'RPL29', 'RPL36AL', 'RPS4Y1', 'FAU', 'EIF3I', 'RPS4X', 'RPL23A', 'RPL32', 'RPS8', 'RPS27', 'RPS24', 'RPL37', 'RPL18', 'RPL10A', 'RPL21', 'RPS13', 'RPS17', 'RPL19', 'RPL15', 'RPS3A', 'RPL14', 'RPS5', 'RPL5', 'RPLP2', 'RPL7A', 'RPLP0', 'RPS10', 'EIF3M', 'RPL6', 'RPL35A', 'RPS29', 'RPS25', 'RPS14', 'RPL24', 'RPS21', 'RPL23', 'RPS6', 'RPS15A', 'EIF1AX', 'RPL31', 'RPS11', 'RPL13A', 'RPL35', 'EIF3K', 'RPLP1']","[['REAC'], ['REAC'], ['REAC'], ['REAC'], ['REAC'], ['REAC'], ['REAC'], ['REAC'], ['REAC'], ['REAC'], ['REAC'], ['REAC'], ['REAC'], ['REAC'], ['REAC'], ['REAC'], ['REAC'], ['REAC'], ['REAC'], ['REAC'], ['REAC'], ['REAC'], ['REAC'], ['REAC'], ['REAC'], ['REAC'], ['REAC'], ['REAC'], ['REAC'], ['REAC'], ['REAC'], ['REAC'], ['REAC'], ['REAC'], ['REAC'], ['REAC'], ['REAC'], ['REAC'], ['REAC'], ['REAC'], ['REAC'], ['REAC'], ['REAC'], ['REAC'], ['REAC'], ['REAC'], ['REAC'], ['REAC'], ['REAC'], ['REAC'], ['REAC'], ['REAC'], ['REAC'], ['REAC'], ['REAC'], ['REAC'], ['REAC'], ['REAC'], ['REAC'], ['REAC'], ['REAC'], ['REAC'], ['REAC'], ['REAC']]",LUAD
REAC,REAC:R-HSA-72613,Eukaryotic Translation Initiation,1.4085770445098935e-05,True,Eukaryotic Translation Initiation,106,2641,64,9998,0.024233244982961,0.6037735849056604,query_1,['REAC:R-HSA-72766'],"['RPL26', 'RPS18', 'RPL18A', 'RPL7', 'RPL26L1', 'RPL4', 'RPL22L1', 'EIF3G', 'RPL10', 'RPS9', 'RPL8', 'EIF2B5', 'RPL38', 'UBA52', 'RPS15', 'RPL34', 'RPS26', 'RPL36', 'RPS19', 'RPL29', 'RPL36AL', 'RPS4Y1', 'FAU', 'EIF3I', 'RPS4X', 'RPL23A', 'RPL32', 'RPS8', 'RPS27', 'RPS24', 'RPL37', 'RPL18', 'RPL10A', 'RPL21', 'RPS13', 'RPS17', 'RPL19', 'RPL15', 'RPS3A', 'RPL14', 'RPS5', 'RPL5', 'RPLP2', 'RPL7A', 'RPLP0', 'RPS10', 'EIF3M', 'RPL6', 'RPL35A', 'RPS29', 'RPS25', 'RPS14', 'RPL24', 'RPS21', 'RPL23', 'RPS6', 'RPS15A', 'EIF1AX', 'RPL31', 'RPS11', 'RPL13A', 'RPL35', 'EIF3K', 'RPLP1']","[['REAC'], ['REAC'], ['REAC'], ['REAC'], ['REAC'], ['REAC'], ['REAC'], ['REAC'], ['REAC'], ['REAC'], ['REAC'], ['REAC'], ['REAC'], ['REAC'], ['REAC'], ['REAC'], ['REAC'], ['REAC'], ['REAC'], ['REAC'], ['REAC'], ['REAC'], ['REAC'], ['REAC'], ['REAC'], ['REAC'], ['REAC'], ['REAC'], ['REAC'], ['REAC'], ['REAC'], ['REAC'], ['REAC'], ['REAC'], ['REAC'], ['REAC'], ['REAC'], ['REAC'], ['REAC'], ['REAC'], ['REAC'], ['REAC'], ['REAC'], ['REAC'], ['REAC'], ['REAC'], ['REAC'], ['REAC'], ['REAC'], ['REAC'], ['REAC'], ['REAC'], ['REAC'], ['REAC'], ['REAC'], ['REAC'], ['REAC'], ['REAC'], ['REAC'], ['REAC'], ['REAC'], ['REAC'], ['REAC'], ['REAC']]",LUAD
GO:MF,GO:0003735,structural constituent of ribosome,2.009356052169279e-05,True,"""The action of a molecule that contributes to the structural integrity of the ribosome."" [GOC:mah]",140,2641,74,9998,0.028019689511548655,0.5285714285714286,query_1,['GO:0005198'],"['MRPL34', 'RPL26', 'MRPL23', 'RPS18', 'RPL18A', 'MRPL42', 'RPL7', 'RPL26L1', 'RPL4', 'RPL22L1', 'MRPL54', 'RPL10', 'RPS9', 'RPL8', 'SRBD1', 'RPL38', 'UBA52', 'RPS15', 'MRPL57', 'RPL34', 'MRPL41', 'RPS26', 'RPL36', 'MRPS36', 'MRPL17', 'RPS19', 'RPL29', 'MRPS22', 'RPS4Y1', 'FAU', 'MRPL20', 'RPS4X', 'RPL23A', 'MRPS14', 'RPL32', 'RPS8', 'RPS27', 'RPS24', 'RPL37', 'RPL18', 'RPL10A', 'RPL21', 'RPS13', 'RPS17', 'RPL19', 'MRPL47', 'RPL15', 'RPS3A', 'RPL14', 'RPS5', 'RPL5', 'RPLP2', 'MRPS11', 'RPL7A', 'RPLP0', 'RPS10', 'MRPS18C', 'RPL6', 'RPL35A', 'RPS29', 'RPS25', 'RPS14', 'MRPS21', 'RPL24', 'RPS21', 'RPL23', 'RPS6', 'RPS15A', 'RPL31', 'RPS11', 'MRPS6', 'RPL13A', 'RPL35', 'RPLP1']","[['NAS'], ['IDA', 'IMP', 'IBA', 'TAS', 'NAS'], ['IBA', 'TAS'], ['IDA', 'HDA'], ['IDA', 'TAS', 'NAS'], ['NAS'], ['IDA', 'IMP', 'IBA', 'TAS', 'NAS'], ['IBA'], ['IDA', 'IBA', 'TAS', 'NAS'], ['IBA'], ['IBA'], ['IDA', 'IMP', 'IBA', 'NAS'], ['IDA', 'HDA', 'IBA'], ['IDA', 'IBA', 'TAS', 'NAS'], ['IBA'], ['IDA', 'IBA', 'TAS', 'NAS'], ['IDA'], ['IDA', 'IMP', 'HDA', 'IBA'], ['ISS', 'IBA'], ['IDA', 'TAS', 'NAS'], ['IDA', 'IBA'], ['IDA', 'HDA', 'IBA'], ['IDA', 'IBA', 'NAS'], ['NAS'], ['IBA'], ['IDA', 'IMP', 'HDA', 'IBA'], ['IDA', 'IBA', 'TAS', 'NAS'], ['IDA', 'IBA'], ['IMP', 'IBA', 'TAS'], ['IDA', 'HDA'], ['IBA'], ['IDA', 'IMP', 'HDA', 'IBA'], ['IDA', 'IBA', 'NAS'], ['IBA', 'TAS'], ['IDA', 'NAS'], ['IDA', 'HDA', 'IBA'], ['IDA', 'IBA'], ['IDA', 'IMP', 'HDA', 'NAS'], ['IDA', 'TAS', 'NAS'], ['IDA', 'TAS', 'NAS'], ['IDA', 'NAS'], ['IDA', 'IBA', 'TAS', 'NAS'], ['IDA', 'HDA', 'IBA'], ['IDA', 'IMP', 'HDA', 'NAS'], ['IDA', 'IBA', 'TAS', 'NAS'], ['IBA'], ['IDA', 'IBA', 'TAS', 'NAS'], ['IDA', 'HDA'], ['IDA', 'IMP', 'IBA', 'TAS', 'NAS'], ['IDA', 'HDA', 'IBA'], ['IDA', 'IMP', 'IBA', 'TAS', 'NAS'], ['IDA', 'NAS'], ['ISS', 'IBA'], ['IDA', 'TAS', 'NAS'], ['IDA', 'IBA', 'NAS'], ['IDA', 'HDA', 'IBA'], ['IBA', 'NAS'], ['IDA', 'IBA', 'TAS', 'NAS'], ['IDA', 'IMP', 'IBA', 'NAS'], ['IDA', 'HDA', 'IBA'], ['IDA', 'IMP', 'HDA', 'IBA'], ['IDA', 'HDA', 'IBA'], ['ISS', 'NAS'], ['IDA', 'IBA', 'TAS', 'NAS'], ['IDA', 'HDA', 'IBA'], ['IDA', 'IBA', 'NAS'], ['IDA', 'IMP', 'HDA'], ['IDA', 'HDA', 'IBA', 'NAS'], ['IDA', 'IBA', 'TAS', 'NAS'], ['IDA', 'HDA', 'IBA'], ['ISS', 'IBA', 'NAS'], ['IDA', 'IBA', 'TAS', 'NAS'], ['IDA', 'TAS', 'NAS'], ['IDA', 'IBA', 'NAS']]",LUAD
REAC,REAC:R-HSA-975957,Nonsense Mediated Decay (NMD) enhanced by the Exon Junction Complex (EJC),2.0437729945006008e-05,True,Nonsense Mediated Decay (NMD) enhanced by the Exon Junction Complex (EJC),101,2420,59,9998,0.024380165289256198,0.5841584158415841,query_1,['REAC:R-HSA-927802'],"['RPL26', 'RPS18', 'UPF3A', 'RPL18A', 'RPL7', 'RPL26L1', 'RPL4', 'RPL22L1', 'RPL10', 'RPS9', 'RPL8', 'PPP2CA', 'RPL38', 'UBA52', 'RPS15', 'RPL34', 'RPS26', 'PPP2R1A', 'RPL36', 'RPS19', 'RPL29', 'RPL36AL', 'RPS4Y1', 'FAU', 'NCBP2', 'RPS4X', 'RPL23A', 'RPL32', 'RPS8', 'RPS27', 'RPS24', 'RPL37', 'RPL18', 'RPL10A', 'RPL21', 'RPS13', 'RPS17', 'RPL19', 'RPL15', 'RPS3A', 'RPL14', 'RPS5', 'RPL5', 'RPLP2', 'RPL7A', 'RPLP0', 'RPS10', 'RPL6', 'RPL35A', 'RPS29', 'RPS25', 'RPS14', 'RPL24', 'RPS21', 'RPL23', 'RPS6', 'RPS15A', 'RPL31', 'RPS11']","[['REAC'], ['REAC'], ['REAC'], ['REAC'], ['REAC'], ['REAC'], ['REAC'], ['REAC'], ['REAC'], ['REAC'], ['REAC'], ['REAC'], ['REAC'], ['REAC'], ['REAC'], ['REAC'], ['REAC'], ['REAC'], ['REAC'], ['REAC'], ['REAC'], ['REAC'], ['REAC'], ['REAC'], ['REAC'], ['REAC'], ['REAC'], ['REAC'], ['REAC'], ['REAC'], ['REAC'], ['REAC'], ['REAC'], ['REAC'], ['REAC'], ['REAC'], ['REAC'], ['REAC'], ['REAC'], ['REAC'], ['REAC'], ['REAC'], ['REAC'], ['REAC'], ['REAC'], ['REAC'], ['REAC'], ['REAC'], ['REAC'], ['REAC'], ['REAC'], ['REAC'], ['REAC'], ['REAC'], ['REAC'], ['REAC'], ['REAC'], ['REAC'], ['REAC']]",LUAD
REAC,REAC:R-HSA-927802,Nonsense-Mediated Decay (NMD),2.0437729945006008e-05,True,Nonsense-Mediated Decay (NMD),101,2420,59,9998,0.024380165289256198,0.5841584158415841,query_1,['REAC:R-HSA-8953854'],"['RPL26', 'RPS18', 'UPF3A', 'RPL18A', 'RPL7', 'RPL26L1', 'RPL4', 'RPL22L1', 'RPL10', 'RPS9', 'RPL8', 'PPP2CA', 'RPL38', 'UBA52', 'RPS15', 'RPL34', 'RPS26', 'PPP2R1A', 'RPL36', 'RPS19', 'RPL29', 'RPL36AL', 'RPS4Y1', 'FAU', 'NCBP2', 'RPS4X', 'RPL23A', 'RPL32', 'RPS8', 'RPS27', 'RPS24', 'RPL37', 'RPL18', 'RPL10A', 'RPL21', 'RPS13', 'RPS17', 'RPL19', 'RPL15', 'RPS3A', 'RPL14', 'RPS5', 'RPL5', 'RPLP2', 'RPL7A', 'RPLP0', 'RPS10', 'RPL6', 'RPL35A', 'RPS29', 'RPS25', 'RPS14', 'RPL24', 'RPS21', 'RPL23', 'RPS6', 'RPS15A', 'RPL31', 'RPS11']","[['REAC'], ['REAC'], ['REAC'], ['REAC'], ['REAC'], ['REAC'], ['REAC'], ['REAC'], ['REAC'], ['REAC'], ['REAC'], ['REAC'], ['REAC'], ['REAC'], ['REAC'], ['REAC'], ['REAC'], ['REAC'], ['REAC'], ['REAC'], ['REAC'], ['REAC'], ['REAC'], ['REAC'], ['REAC'], ['REAC'], ['REAC'], ['REAC'], ['REAC'], ['REAC'], ['REAC'], ['REAC'], ['REAC'], ['REAC'], ['REAC'], ['REAC'], ['REAC'], ['REAC'], ['REAC'], ['REAC'], ['REAC'], ['REAC'], ['REAC'], ['REAC'], ['REAC'], ['REAC'], ['REAC'], ['REAC'], ['REAC'], ['REAC'], ['REAC'], ['REAC'], ['REAC'], ['REAC'], ['REAC'], ['REAC'], ['REAC'], ['REAC'], ['REAC']]",LUAD
CORUM,CORUM:338,"40S ribosomal subunit, cytoplasmic",3.0452923080589107e-05,True,"40S ribosomal subunit, cytoplasmic",30,2420,21,9998,0.008677685950413223,0.7,query_1,['CORUM:0000000'],"['RPS18', 'RPS9', 'RPS15', 'RPS26', 'RPS19', 'FAU', 'RPS4X', 'RPS8', 'RPS24', 'RPS13', 'RPS17', 'RPS3A', 'RPS5', 'RPS10', 'RPS29', 'RPS25', 'RPS14', 'RPS21', 'RPS6', 'RPS15A', 'RPS11']","[['CORUM'], ['CORUM'], ['CORUM'], ['CORUM'], ['CORUM'], ['CORUM'], ['CORUM'], ['CORUM'], ['CORUM'], ['CORUM'], ['CORUM'], ['CORUM'], ['CORUM'], ['CORUM'], ['CORUM'], ['CORUM'], ['CORUM'], ['CORUM'], ['CORUM'], ['CORUM'], ['CORUM']]",LUAD
REAC,REAC:R-HSA-168255,Influenza Infection,4.804803966592082e-05,True,Influenza Infection,123,2420,71,9998,0.02933884297520661,0.5772357723577236,query_1,['REAC:R-HSA-5663205'],"['RPL26', 'RPS18', 'RPL18A', 'RPL7', 'RPL26L1', 'RPL4', 'RPL22L1', 'NUP214', 'RPL10', 'RPS9', 'RPL8', 'RPL38', 'UBA52', 'NUP43', 'AAAS', 'RPS15', 'RPL34', 'RPS26', 'POM121C', 'RPL36', 'RAN', 'RPS19', 'RPL29', 'RPL36AL', 'RPS4Y1', 'FAU', 'NUP210', 'RPS4X', 'RPL23A', 'POLR2I', 'RPL32', 'RPS8', 'POLR2L', 'RPS27', 'HSPA1A', 'RPS24', 'RPL37', 'RPL18', 'RPL10A', 'RPL21', 'RPS13', 'RPS17', 'RPL19', 'RPL15', 'RPS3A', 'RPL14', 'RPS5', 'POLR2E', 'RPL5', 'SEC13', 'RPLP2', 'GTF2F1', 'RPL7A', 'RPLP0', 'CPSF4', 'RPS10', 'RPL6', 'RPL35A', 'RPS29', 'RPS25', 'RPS14', 'CLTA', 'RPL24', 'RPS21', 'POLR2F', 'NUP37', 'RPL23', 'RPS6', 'RPS15A', 'RPL31', 'RPS11']","[['REAC'], ['REAC'], ['REAC'], ['REAC'], ['REAC'], ['REAC'], ['REAC'], ['REAC'], ['REAC'], ['REAC'], ['REAC'], ['REAC'], ['REAC'], ['REAC'], ['REAC'], ['REAC'], ['REAC'], ['REAC'], ['REAC'], ['REAC'], ['REAC'], ['REAC'], ['REAC'], ['REAC'], ['REAC'], ['REAC'], ['REAC'], ['REAC'], ['REAC'], ['REAC'], ['REAC'], ['REAC'], ['REAC'], ['REAC'], ['REAC'], ['REAC'], ['REAC'], ['REAC'], ['REAC'], ['REAC'], ['REAC'], ['REAC'], ['REAC'], ['REAC'], ['REAC'], ['REAC'], ['REAC'], ['REAC'], ['REAC'], ['REAC'], ['REAC'], ['REAC'], ['REAC'], ['REAC'], ['REAC'], ['REAC'], ['REAC'], ['REAC'], ['REAC'], ['REAC'], ['REAC'], ['REAC'], ['REAC'], ['REAC'], ['REAC'], ['REAC'], ['REAC'], ['REAC'], ['REAC'], ['REAC'], ['REAC']]",LUAD
KEGG,KEGG:03010,Ribosome,5.587930711298537e-05,True,Ribosome,123,2641,69,9998,0.026126467247254828,0.5609756097560976,query_1,['KEGG:00000'],"['MRPL34', 'RPL26', 'MRPL23', 'RPS18', 'RPL18A', 'RPL7', 'RPL26L1', 'RPL4', 'RPL22L1', 'RPL10', 'RPS9', 'RPL8', 'RPL38', 'UBA52', 'RPS15', 'RPL34', 'RPS26', 'RPL36', 'MRPL17', 'RPS19', 'RPL29', 'RPL36AL', 'RPS4Y1', 'FAU', 'MRPL20', 'RPS4X', 'RPL23A', 'MRPS14', 'RPL32', 'RPS8', 'RPS27', 'RPS24', 'RPL37', 'RPL18', 'RPL10A', 'MRPL24', 'RPL21', 'RPS13', 'RPS17', 'RPL19', 'RPL15', 'RPS3A', 'RPL14', 'RPS5', 'RPL5', 'RPLP2', 'MRPS11', 'RPL7A', 'RPLP0', 'RPS10', 'MRPS18C', 'RPL6', 'MRPL30', 'RPL35A', 'RPS29', 'RPS25', 'RPS14', 'MRPS21', 'RPL24', 'RPS21', 'RPL23', 'RPS6', 'RPS15A', 'RPL31', 'RPS11', 'MRPS6', 'RPL13A', 'RPL35', 'RPLP1']","[['KEGG'], ['KEGG'], ['KEGG'], ['KEGG'], ['KEGG'], ['KEGG'], ['KEGG'], ['KEGG'], ['KEGG'], ['KEGG'], ['KEGG'], ['KEGG'], ['KEGG'], ['KEGG'], ['KEGG'], ['KEGG'], ['KEGG'], ['KEGG'], ['KEGG'], ['KEGG'], ['KEGG'], ['KEGG'], ['KEGG'], ['KEGG'], ['KEGG'], ['KEGG'], ['KEGG'], ['KEGG'], ['KEGG'], ['KEGG'], ['KEGG'], ['KEGG'], ['KEGG'], ['KEGG'], ['KEGG'], ['KEGG'], ['KEGG'], ['KEGG'], ['KEGG'], ['KEGG'], ['KEGG'], ['KEGG'], ['KEGG'], ['KEGG'], ['KEGG'], ['KEGG'], ['KEGG'], ['KEGG'], ['KEGG'], ['KEGG'], ['KEGG'], ['KEGG'], ['KEGG'], ['KEGG'], ['KEGG'], ['KEGG'], ['KEGG'], ['KEGG'], ['KEGG'], ['KEGG'], ['KEGG'], ['KEGG'], ['KEGG'], ['KEGG'], ['KEGG'], ['KEGG'], ['KEGG'], ['KEGG'], ['KEGG']]",LUAD
GO:BP,GO:0019083,viral transcription,0.00015962254936717442,True,"""The process by which a viral genome, or part of a viral genome, is transcribed within the host cell."" [GOC:jl, ISBN:0781702534]",147,2641,84,9998,0.03180613404013631,0.5714285714285714,query_1,"['GO:0016032', 'GO:0019080']","['ZNF639', 'TRIM11', 'RPL26', 'RPS18', 'RPL18A', 'RPL7', 'TFAP4', 'RPL4', 'NUP214', 'CCNT2', 'RPL10', 'MON1B', 'RPS9', 'RPL8', 'RPL38', 'UBA52', 'NUP43', 'AAAS', 'RPS15', 'RPL34', 'REST', 'RSF1', 'RPS26', 'POM121C', 'TRIM14', 'RPL36', 'RPS19', 'RPL29', 'RPS4Y1', 'FAU', 'CHD1', 'NUP210', 'RPS4X', 'RPL23A', 'POLR2I', 'RPL32', 'RPS8', 'POLR2L', 'RPS27', 'RPS24', 'RPL37', 'RPL18', 'RPL10A', 'USF1', 'CDK9', 'RPL21', 'RPS13', 'RPS17', 'RPL19', 'RPL15', 'RPS3A', 'RPL14', 'RPS5', 'POLR2E', 'NELFA', 'RPL5', 'SEC13', 'RPLP2', 'GTF2F1', 'RPL7A', 'SNW1', 'RPLP0', 'RPS10', 'SUPT4H1', 'RPL6', 'RPL35A', 'RPS29', 'RPS25', 'RPS14', 'RPL24', 'RPS21', 'POLR2F', 'NUP37', 'RPL23', 'RPS6', 'RPS15A', 'RPL31', 'TAF11', 'RPS11', 'JUN', 'POM121', 'RPL13A', 'RPL35', 'RPLP1']","[['IMP'], ['IDA'], ['TAS'], ['TAS'], ['TAS'], ['TAS'], ['IDA', 'NAS'], ['TAS'], ['TAS'], ['IDA'], ['TAS'], ['IDA'], ['TAS'], ['TAS'], ['TAS'], ['TAS'], ['TAS'], ['TAS'], ['TAS'], ['TAS'], ['IDA'], ['IDA'], ['TAS'], ['TAS'], ['IDA'], ['TAS'], ['TAS'], ['TAS'], ['TAS'], ['TAS'], ['IMP'], ['TAS'], ['TAS'], ['TAS'], ['TAS'], ['TAS'], ['TAS'], ['TAS'], ['TAS'], ['TAS'], ['TAS'], ['TAS'], ['TAS'], ['IDA'], ['TAS'], ['TAS'], ['TAS'], ['TAS'], ['TAS'], ['TAS'], ['TAS'], ['TAS'], ['TAS'], ['TAS'], ['TAS'], ['TAS'], ['TAS'], ['TAS'], ['TAS'], ['TAS'], ['IDA', 'IMP'], ['TAS'], ['TAS'], ['TAS'], ['TAS'], ['TAS'], ['TAS'], ['TAS'], ['TAS'], ['TAS'], ['TAS'], ['TAS'], ['TAS'], ['TAS'], ['TAS'], ['TAS'], ['TAS'], ['IDA'], ['TAS'], ['IDA'], ['TAS'], ['TAS'], ['TAS'], ['TAS']]",LUAD
GO:BP,GO:0000184,"nuclear-transcribed mRNA catabolic process, nonsense-mediated decay",0.00021336859661955272,True,"""The nonsense-mediated decay pathway for nuclear-transcribed mRNAs degrades mRNAs in which an amino-acid codon has changed to a nonsense codon; this prevents the translation of such mRNAs into truncated, and potentially harmful, proteins."" [GOC:krc, GOC:ma, PMID:10025395]",101,2420,57,9998,0.023553719008264463,0.5643564356435643,query_1,['GO:0000956'],"['RPL26', 'RPS18', 'UPF3A', 'RPL18A', 'RPL7', 'RPL4', 'DHX34', 'RPL10', 'RPS9', 'RPL8', 'PPP2CA', 'RPL38', 'UBA52', 'RPS15', 'RPL34', 'RPS26', 'PPP2R1A', 'RPL36', 'RPS19', 'RPL29', 'RPS4Y1', 'FAU', 'NCBP2', 'RPS4X', 'RPL23A', 'RPL32', 'RPS8', 'RPS27', 'RPS24', 'RPL37', 'RPL18', 'RPL10A', 'RPL21', 'RPS13', 'RPS17', 'RPL19', 'RPL15', 'RPS3A', 'RPL14', 'RPS5', 'RPL5', 'RPLP2', 'RPL7A', 'RPLP0', 'RPS10', 'RPL6', 'RPL35A', 'RPS29', 'RPS25', 'RPS14', 'RPL24', 'RPS21', 'RPL23', 'RPS6', 'RPS15A', 'RPL31', 'RPS11']","[['TAS'], ['TAS'], ['TAS', 'NAS'], ['TAS'], ['TAS'], ['TAS'], ['IMP', 'IBA'], ['TAS'], ['TAS'], ['TAS'], ['TAS'], ['TAS'], ['TAS'], ['TAS'], ['TAS'], ['TAS'], ['TAS'], ['TAS'], ['TAS'], ['TAS'], ['TAS'], ['TAS'], ['IDA', 'IMP', 'TAS'], ['TAS'], ['TAS'], ['TAS'], ['TAS'], ['TAS'], ['TAS'], ['TAS'], ['TAS'], ['TAS'], ['TAS'], ['TAS'], ['TAS'], ['TAS'], ['TAS'], ['TAS'], ['TAS'], ['TAS'], ['TAS'], ['TAS'], ['TAS'], ['TAS'], ['TAS'], ['TAS'], ['TAS'], ['TAS'], ['TAS'], ['TAS'], ['TAS'], ['TAS'], ['TAS'], ['TAS'], ['TAS'], ['TAS'], ['TAS']]",LUAD
GO:BP,GO:0070972,protein localization to endoplasmic reticulum,0.0002685503172639016,True,"""A process in which a protein is transported to, or maintained in, a location within the endoplasmic reticulum."" [GOC:mah]",121,2653,68,9998,0.025631360723709008,0.5619834710743802,query_1,['GO:0033365'],"['RPL26', 'SEC62', 'RPS18', 'RPL18A', 'SPCS3', 'RPL7', 'RPL4', 'RPL10', 'RPS9', 'RPL8', 'OS9', 'RPL38', 'UBA52', 'RPS15', 'RPL34', 'RYR2', 'RPS26', 'RPL36', 'RPS19', 'SPCS2', 'RPL29', 'SRP19', 'RPS4Y1', 'SRP14', 'FAU', 'RPS4X', 'RER1', 'RPL23A', 'RPL32', 'RPS8', 'RPS27', 'RPS24', 'RPL37', 'RPL18', 'RPL10A', 'RPL21', 'RPS13', 'RPS17', 'RPL19', 'RPL15', 'RPS3A', 'RPL14', 'RPS5', 'SEC61G', 'RPL5', 'RPLP2', 'RPL7A', 'RPLP0', 'RPS10', 'RPL6', 'RPL35A', 'SRP54', 'RPS29', 'RPS25', 'RPS14', 'RPL24', 'RPS21', 'RPL23', 'RPS6', 'RPS15A', 'RPL31', 'RPS11', 'GABARAPL2', 'SRP9', 'RPL13A', 'RPL35', 'RPLP1', 'SPCS1']","[['TAS'], ['IMP', 'IBA'], ['TAS'], ['TAS'], ['IBA'], ['TAS'], ['TAS'], ['TAS'], ['TAS'], ['TAS'], ['IDA'], ['TAS'], ['TAS'], ['TAS'], ['TAS'], ['IDA'], ['TAS'], ['TAS'], ['TAS'], ['IBA'], ['TAS'], ['IBA', 'TAS'], ['TAS'], ['IMP', 'IBA', 'TAS'], ['TAS'], ['TAS'], ['IBA'], ['TAS'], ['TAS'], ['TAS'], ['TAS'], ['TAS'], ['TAS'], ['TAS'], ['TAS'], ['TAS'], ['TAS'], ['TAS'], ['TAS'], ['TAS'], ['TAS'], ['TAS'], ['TAS'], ['ISS', 'IBA'], ['TAS'], ['TAS'], ['TAS'], ['TAS'], ['TAS'], ['TAS'], ['TAS'], ['IMP', 'ISS', 'IBA', 'TAS', 'IC'], ['TAS'], ['TAS'], ['TAS'], ['TAS'], ['TAS'], ['TAS'], ['TAS'], ['TAS'], ['TAS'], ['TAS'], ['IDA'], ['IBA', 'TAS'], ['TAS'], ['TAS'], ['TAS'], ['IBA']]",LUAD
REAC,REAC:R-HSA-2408522,Selenoamino acid metabolism,0.00031904620076952765,True,Selenoamino acid metabolism,95,2420,57,9998,0.023553719008264463,0.6,query_1,['REAC:R-HSA-71291'],"['RPL26', 'RPS18', 'RPL18A', 'RPL7', 'RPL26L1', 'RPL4', 'RPL22L1', 'RPL10', 'SCLY', 'RPS9', 'RPL8', 'RPL38', 'UBA52', 'RPS15', 'RPL34', 'RPS26', 'RPL36', 'RPS19', 'RPL29', 'RPL36AL', 'RPS4Y1', 'FAU', 'RPS4X', 'RPL23A', 'RPL32', 'RPS8', 'RPS27', 'RPS24', 'RPL37', 'RPL18', 'RPL10A', 'RPL21', 'RPS13', 'RPS17', 'RPL19', 'RPL15', 'RPS3A', 'RPL14', 'RPS5', 'RPL5', 'RPLP2', 'RPL7A', 'RPLP0', 'RPS10', 'RPL6', 'RPL35A', 'RPS29', 'PAPSS1', 'RPS25', 'RPS14', 'RPL24', 'RPS21', 'RPL23', 'RPS6', 'RPS15A', 'RPL31', 'RPS11']","[['REAC'], ['REAC'], ['REAC'], ['REAC'], ['REAC'], ['REAC'], ['REAC'], ['REAC'], ['REAC'], ['REAC'], ['REAC'], ['REAC'], ['REAC'], ['REAC'], ['REAC'], ['REAC'], ['REAC'], ['REAC'], ['REAC'], ['REAC'], ['REAC'], ['REAC'], ['REAC'], ['REAC'], ['REAC'], ['REAC'], ['REAC'], ['REAC'], ['REAC'], ['REAC'], ['REAC'], ['REAC'], ['REAC'], ['REAC'], ['REAC'], ['REAC'], ['REAC'], ['REAC'], ['REAC'], ['REAC'], ['REAC'], ['REAC'], ['REAC'], ['REAC'], ['REAC'], ['REAC'], ['REAC'], ['REAC'], ['REAC'], ['REAC'], ['REAC'], ['REAC'], ['REAC'], ['REAC'], ['REAC'], ['REAC'], ['REAC']]",LUAD
CORUM,CORUM:3055,Nop56p-associated pre-rRNA complex,0.00047956754371163363,True,Nop56p-associated pre-rRNA complex,97,2665,49,9998,0.018386491557223265,0.5051546391752577,query_1,['CORUM:0000000'],"['RPL26', 'RPS18', 'RPL18A', 'RPL7', 'RPL4', 'RPL10', 'RPS9', 'RPL8', 'RPS15', 'RPL36', 'RPL29', 'ACTA2', 'SRP14', 'HNRNPM', 'RPL23A', 'RPL32', 'RPS8', 'RSL1D1', 'RPS24', 'RPL18', 'RPL10A', 'YBX1', 'RPL21', 'RPS13', 'RPS17', 'RPL19', 'RPL15', 'RPS3A', 'RPL14', 'RPL5', 'RPLP2', 'RPL7A', 'RPLP0', 'RPL6', 'RPL35A', 'RPS29', 'HNRNPA1', 'RPS14', 'RPL24', 'RPL23', 'RPS6', 'RPS15A', 'RPL31', 'RPS11', 'RPL13A', 'RPL35', 'EEF1A1', 'RPLP1', 'U2AF1']","[['CORUM'], ['CORUM'], ['CORUM'], ['CORUM'], ['CORUM'], ['CORUM'], ['CORUM'], ['CORUM'], ['CORUM'], ['CORUM'], ['CORUM'], ['CORUM'], ['CORUM'], ['CORUM'], ['CORUM'], ['CORUM'], ['CORUM'], ['CORUM'], ['CORUM'], ['CORUM'], ['CORUM'], ['CORUM'], ['CORUM'], ['CORUM'], ['CORUM'], ['CORUM'], ['CORUM'], ['CORUM'], ['CORUM'], ['CORUM'], ['CORUM'], ['CORUM'], ['CORUM'], ['CORUM'], ['CORUM'], ['CORUM'], ['CORUM'], ['CORUM'], ['CORUM'], ['CORUM'], ['CORUM'], ['CORUM'], ['CORUM'], ['CORUM'], ['CORUM'], ['CORUM'], ['CORUM'], ['CORUM'], ['CORUM']]",LUAD
REAC,REAC:R-HSA-9711097,Cellular response to starvation,0.0007186236954238809,True,Cellular response to starvation,135,2420,70,9998,0.028925619834710745,0.5185185185185185,query_1,['REAC:R-HSA-2262752'],"['ATP6V1C2', 'C12orf66', 'RPL26', 'RPS18', 'RPL18A', 'RPL7', 'RPL26L1', 'RPL4', 'RPL22L1', 'RRAGC', 'RPTOR', 'RPL10', 'RPS9', 'RPL8', 'RPL38', 'UBA52', 'RPS15', 'RPL34', 'SZT2', 'RPS26', 'RPL36', 'RPS19', 'RPL29', 'RPL36AL', 'FNIP2', 'RPS4Y1', 'NPRL2', 'FAU', 'LAMTOR3', 'RPS4X', 'RPL23A', 'RPL32', 'RPS8', 'RPS27', 'RPS24', 'RPL37', 'RPL18', 'RPL10A', 'LAMTOR4', 'RPL21', 'RPS13', 'RPS17', 'ATP6V1G2', 'RPL19', 'RPL15', 'RPS3A', 'RPL14', 'RPS5', 'RPL5', 'KPTN', 'SEC13', 'RPLP2', 'RPL7A', 'RPLP0', 'RPS10', 'RPL6', 'DEPDC5', 'LAMTOR1', 'MLST8', 'RPL35A', 'RPS29', 'RPS25', 'RPS14', 'RPL24', 'RPS21', 'RPL23', 'RPS6', 'RPS15A', 'RPL31', 'RPS11']","[['REAC'], ['REAC'], ['REAC'], ['REAC'], ['REAC'], ['REAC'], ['REAC'], ['REAC'], ['REAC'], ['REAC'], ['REAC'], ['REAC'], ['REAC'], ['REAC'], ['REAC'], ['REAC'], ['REAC'], ['REAC'], ['REAC'], ['REAC'], ['REAC'], ['REAC'], ['REAC'], ['REAC'], ['REAC'], ['REAC'], ['REAC'], ['REAC'], ['REAC'], ['REAC'], ['REAC'], ['REAC'], ['REAC'], ['REAC'], ['REAC'], ['REAC'], ['REAC'], ['REAC'], ['REAC'], ['REAC'], ['REAC'], ['REAC'], ['REAC'], ['REAC'], ['REAC'], ['REAC'], ['REAC'], ['REAC'], ['REAC'], ['REAC'], ['REAC'], ['REAC'], ['REAC'], ['REAC'], ['REAC'], ['REAC'], ['REAC'], ['REAC'], ['REAC'], ['REAC'], ['REAC'], ['REAC'], ['REAC'], ['REAC'], ['REAC'], ['REAC'], ['REAC'], ['REAC'], ['REAC'], ['REAC']]",LUAD
GO:CC,GO:0044391,ribosomal subunit,0.003946009873531103,True,"""Either of the two subunits of a ribosome: the ribosomal large subunit or the ribosomal small subunit."" [GOC:jl]",172,2420,77,9998,0.031818181818181815,0.4476744186046512,query_1,"['GO:0005840', 'GO:1990904']","['MRPL34', 'RPL26', 'MRPL23', 'RPS18', 'RPL18A', 'MRPL42', 'RPL7', 'RPL26L1', 'RPL4', 'MRPL54', 'DDX3X', 'RPL10', 'RPS9', 'RPL8', 'RPL38', 'UBA52', 'RPS15', 'MRPL57', 'RPL34', 'MRPL41', 'RPS26', 'RPL36', 'MRPS36', 'MRPL17', 'RPS19', 'RPL29', 'RPL36AL', 'MRPS22', 'RPS4Y1', 'MRPL58', 'FAU', 'MRPL20', 'MRPL50', 'RPS4X', 'RPL23A', 'MRPS14', 'RPL32', 'RPS8', 'RPS27', 'RPS24', 'RPL37', 'RPL18', 'RPL10A', 'MRPL24', 'RPL21', 'RPS13', 'RPS17', 'RPL19', 'MRPL47', 'RPL15', 'RPS3A', 'RPL14', 'RPS5', 'RACK1', 'RPL5', 'RPLP2', 'MRPS11', 'RPL7A', 'RPLP0', 'RPS10', 'MRPS18C', 'RPL6', 'MRPL30', 'MRPL39', 'RPL35A', 'RPS29', 'RPS25', 'RPS14', 'NSUN4', 'MRPS21', 'RPL24', 'RPS21', 'RPL23', 'RPS6', 'RPS15A', 'RPL31', 'RPS11']","[['IDA', 'IBA'], ['HDA', 'IBA', 'TAS'], ['IDA', 'IBA', 'TAS'], ['IDA', 'HDA', 'IBA'], ['IDA', 'HDA', 'IBA', 'TAS'], ['IDA', 'IBA'], ['HDA', 'IBA', 'TAS'], ['IBA'], ['HDA', 'IBA', 'TAS'], ['IDA', 'IBA'], ['IDA'], ['IDA', 'HDA', 'IBA'], ['IDA', 'HDA', 'IBA'], ['IDA', 'HDA', 'IBA', 'TAS'], ['IDA', 'HDA', 'IBA', 'TAS'], ['IBA'], ['IDA', 'HDA', 'IBA'], ['IDA'], ['HDA', 'TAS'], ['IDA', 'IBA'], ['IDA', 'HDA', 'IBA'], ['IDA', 'HDA', 'IBA'], ['IDA'], ['IDA', 'IBA'], ['IDA', 'HDA', 'IBA'], ['HDA', 'IBA', 'TAS'], ['IBA'], ['IDA', 'IBA'], ['IBA', 'TAS', 'NAS'], ['IDA', 'IBA'], ['IDA', 'HDA', 'ISO'], ['IDA'], ['IDA', 'IBA'], ['IDA', 'IBA', 'NAS'], ['HDA', 'IBA', 'NAS'], ['IDA', 'IBA'], ['IDA', 'HDA', 'IBA'], ['IDA', 'HDA', 'IBA', 'TAS'], ['IDA', 'HDA', 'IBA'], ['IDA', 'HDA'], ['HDA', 'IBA', 'TAS'], ['IDA', 'HDA', 'IBA', 'TAS'], ['IDA', 'HDA', 'IBA'], ['IDA'], ['HDA', 'IBA', 'TAS'], ['IDA', 'HDA', 'IBA'], ['IDA', 'HDA'], ['IDA', 'HDA', 'IBA', 'TAS'], ['IDA', 'IBA'], ['HDA', 'IBA'], ['IDA', 'HDA'], ['HDA', 'IBA', 'TAS'], ['IDA', 'HDA', 'IBA'], ['ISS'], ['HDA', 'IBA', 'TAS'], ['IDA', 'HDA'], ['IDA', 'ISS', 'IBA'], ['HDA', 'IBA', 'TAS'], ['IDA', 'HDA', 'IBA'], ['IDA', 'HDA', 'IBA'], ['IDA', 'IBA'], ['IDA', 'HDA', 'IBA', 'TAS'], ['IDA'], ['IDA'], ['HDA', 'IBA'], ['IDA', 'HDA', 'IBA'], ['IDA', 'HDA', 'IBA'], ['IDA', 'HDA', 'IBA'], ['IDA', 'IBA'], ['IDA'], ['IDA', 'HDA', 'IBA', 'TAS'], ['IDA', 'HDA', 'IBA', 'NAS'], ['HDA', 'IBA'], ['IDA', 'HDA', 'NAS'], ['IDA', 'HDA', 'IBA'], ['IDA', 'HDA', 'IBA', 'TAS'], ['IDA', 'HDA', 'IBA']]",LUAD
GO:CC,GO:0022625,cytosolic large ribosomal subunit,0.007558228693213337,True,"""The large subunit of a ribosome located in the cytosol."" [GOC:mtg_sensu]",49,2641,33,9998,0.012495266944339266,0.673469387755102,query_1,"['GO:0015934', 'GO:0022626']","['RPL26', 'RPL18A', 'RPL7', 'RPL26L1', 'RPL4', 'RPL10', 'RPL8', 'RPL38', 'RPL34', 'RPL36', 'RPL29', 'RPL36AL', 'RPL23A', 'RPL32', 'RPL37', 'RPL18', 'RPL10A', 'RPL21', 'RPL19', 'RPL15', 'RPL14', 'RPL5', 'RPLP2', 'RPL7A', 'RPLP0', 'RPL6', 'RPL35A', 'RPL24', 'RPL23', 'RPL31', 'RPL13A', 'RPL35', 'RPLP1']","[['HDA', 'IBA', 'TAS'], ['IDA', 'HDA', 'IBA', 'TAS'], ['HDA', 'IBA', 'TAS'], ['IBA'], ['HDA', 'IBA', 'TAS'], ['IDA', 'HDA', 'IBA'], ['IDA', 'HDA', 'IBA', 'TAS'], ['IDA', 'HDA', 'IBA', 'TAS'], ['HDA', 'TAS'], ['IDA', 'HDA', 'IBA'], ['HDA', 'IBA', 'TAS'], ['IBA'], ['HDA', 'IBA', 'NAS'], ['IDA', 'HDA', 'IBA'], ['HDA', 'IBA', 'TAS'], ['IDA', 'HDA', 'IBA', 'TAS'], ['IDA', 'HDA', 'IBA'], ['HDA', 'IBA', 'TAS'], ['IDA', 'HDA', 'IBA', 'TAS'], ['HDA', 'IBA'], ['HDA', 'IBA', 'TAS'], ['HDA', 'IBA', 'TAS'], ['IDA', 'HDA'], ['HDA', 'IBA', 'TAS'], ['IDA', 'HDA', 'IBA'], ['IDA', 'HDA', 'IBA', 'TAS'], ['HDA', 'IBA'], ['IDA', 'HDA', 'IBA', 'TAS'], ['HDA', 'IBA'], ['IDA', 'HDA', 'IBA', 'TAS'], ['HDA', 'IBA'], ['HDA', 'IBA', 'TAS'], ['IDA', 'HDA', 'IBA']]",LUAD
GO:BP,GO:0019080,viral gene expression,0.015516064951144923,True,"""A process by which a viral gene is converted into a mature gene product or products (proteins or RNA). This includes viral transcription, processing to produce a mature RNA product, and viral translation."" [GOC:bf, GOC:jl, ISBN:0121585336]",188,2653,98,9998,0.036939313984168866,0.5212765957446809,query_1,['GO:0016032'],"['ZNF639', 'TRIM11', 'RPL26', 'RPS18', 'TUSC3', 'RPL18A', 'SPCS3', 'RPL7', 'TFAP4', 'RPL4', 'EIF3G', 'NUP214', 'CCNT2', 'RPL10', 'MON1B', 'RPS9', 'RPL8', 'RPL38', 'UBA52', 'UBE2I', 'NUP43', 'AAAS', 'RPS15', 'RPL34', 'REST', 'RSF1', 'RPS26', 'POM121C', 'TRIM14', 'RPL36', 'RPS19', 'RPL29', 'RPS4Y1', 'FAU', 'CHD1', 'NUP210', 'MAGT1', 'RPS4X', 'RPL23A', 'POLR2I', 'RPL32', 'RPS8', 'POLR2L', 'RPS27', 'RPS24', 'RPL37', 'RPL18', 'RPL10A', 'USF1', 'EDEM2', 'CDK9', 'RPL21', 'RPS13', 'RPS17', 'SUMO1', 'RPL19', 'RPL15', 'STT3A', 'RPS3A', 'RPL14', 'RPS5', 'POLR2E', 'NELFA', 'RPL5', 'SEC13', 'RPLP2', 'GTF2F1', 'RPL7A', 'SNW1', 'RPLP0', 'RPS10', 'SUPT4H1', 'RPL6', 'DDOST', 'RPL35A', 'PCBP2', 'GANAB', 'RPS29', 'RPS25', 'RPS14', 'DAD1', 'RPL24', 'RPS21', 'POLR2F', 'NUP37', 'RPL23', 'RPS6', 'RPS15A', 'RPL31', 'TAF11', 'RPS11', 'RPN2', 'JUN', 'POM121', 'RPL13A', 'RPL35', 'RPLP1', 'SPCS1']","[['IMP'], ['IDA'], ['TAS'], ['TAS'], ['TAS'], ['TAS'], ['IMP'], ['TAS'], ['IDA', 'NAS'], ['TAS'], ['IDA'], ['TAS'], ['IDA'], ['TAS'], ['IDA'], ['TAS'], ['TAS'], ['TAS'], ['TAS'], ['TAS'], ['TAS'], ['TAS'], ['TAS'], ['TAS'], ['IDA'], ['IDA'], ['TAS'], ['TAS'], ['IDA'], ['TAS'], ['TAS'], ['TAS'], ['TAS'], ['TAS'], ['IMP'], ['TAS'], ['TAS'], ['TAS'], ['TAS'], ['TAS'], ['TAS'], ['TAS'], ['TAS'], ['TAS'], ['TAS'], ['TAS'], ['TAS'], ['TAS'], ['IDA'], ['TAS'], ['TAS'], ['TAS'], ['TAS'], ['TAS'], ['TAS'], ['TAS'], ['TAS'], ['TAS'], ['TAS'], ['TAS'], ['TAS'], ['TAS'], ['TAS'], ['TAS'], ['TAS'], ['TAS'], ['TAS'], ['TAS'], ['IDA', 'IMP'], ['TAS'], ['TAS'], ['TAS'], ['TAS'], ['TAS'], ['TAS'], ['IDA'], ['TAS'], ['TAS'], ['TAS'], ['TAS'], ['TAS'], ['TAS'], ['TAS'], ['TAS'], ['TAS'], ['TAS'], ['TAS'], ['TAS'], ['TAS'], ['IDA'], ['TAS'], ['TAS'], ['IDA'], ['TAS'], ['TAS'], ['TAS'], ['TAS'], ['IMP']]",LUAD
HP,HP:0003048,Radial head subluxation,0.019001096046612997,True,Partial dislocation of the head of the radius.,3,226,3,9998,0.01327433628318584,1.0,query_1,['HP:0032153'],"['XYLT1', 'B3GALT6', 'GLI3']","[['HP'], ['HP'], ['HP']]",LUAD
CORUM,CORUM:5380,"TRBP containing complex (DICER, RPL7A, EIF6, MOV10 and subunits of the 60S ribosomal particle)",0.034117296334378586,True,"TRBP containing complex (DICER, RPL7A, EIF6, MOV10 and subunits of the 60S ribosomal particle)",25,1734,12,9998,0.006920415224913495,0.48,query_1,['CORUM:0000000'],"['RPL18A', 'RPL7', 'RPL34', 'RPL36', 'RPL32', 'RPL10A', 'RPL21', 'RPL19', 'RPL15', 'RPL14', 'RPLP2', 'RPL7A']","[['CORUM'], ['CORUM'], ['CORUM'], ['CORUM'], ['CORUM'], ['CORUM'], ['CORUM'], ['CORUM'], ['CORUM'], ['CORUM'], ['CORUM'], ['CORUM']]",LUAD
